{
  "FedAvg": {
    "algorithm": "FedAvg",
    "global_accs": [
      0.8237,
      0.9659,
      0.9719,
      0.9765,
      0.9795,
      0.9786,
      0.9829,
      0.982,
      0.982,
      0.9827,
      0.9809,
      0.9826,
      0.9818,
      0.983,
      0.9821,
      0.9821,
      0.9836,
      0.9819,
      0.9821,
      0.9812,
      0.9814,
      0.9819,
      0.9834,
      0.9836,
      0.9833,
      0.9825,
      0.9841,
      0.9812,
      0.9827,
      0.9828,
      0.9822,
      0.98,
      0.9806,
      0.9824,
      0.9807,
      0.9834,
      0.9818,
      0.9813,
      0.9806,
      0.98,
      0.9808,
      0.979,
      0.9781,
      0.9787,
      0.9797,
      0.9808,
      0.9781,
      0.977,
      0.9792,
      0.9761
    ],
    "avg_client_accs": [
      0.8139113861209148,
      0.9665339259906517,
      0.9721897037108942,
      0.9786705204634453,
      0.9788089792708158,
      0.9792740299978362,
      0.9817610197837452,
      0.9813529443607536,
      0.9812902266549275,
      0.9817139355922272,
      0.9801773120000549,
      0.9824524312222692,
      0.9824572103897177,
      0.9838423009318721,
      0.9816229936250427,
      0.9825592959842047,
      0.9837319345414637,
      0.9813448024766082,
      0.9817810361959207,
      0.9802240383973853,
      0.9826983379571882,
      0.9818619768488623,
      0.9818379775090242,
      0.9823043178743063,
      0.9807555622233831,
      0.9821627891880844,
      0.9829762760252787,
      0.980825700440057,
      0.9814707110244587,
      0.9824417058186444,
      0.9823210456612879,
      0.9806102188792778,
      0.9807912476543355,
      0.9821915445730578,
      0.981450357482889,
      0.9822696933316326,
      0.9809546230573636,
      0.9813853984275076,
      0.9793783784765271,
      0.9802252566903962,
      0.979891157219457,
      0.9789586291150953,
      0.9771215060796454,
      0.9782721718523387,
      0.9785684489460588,
      0.9798890911225691,
      0.9777163243109814,
      0.976911259690717,
      0.9790793285558763,
      0.9762666869183292
    ],
    "round_times": [
      65.66886830329895,
      65.63251209259033,
      65.66502523422241,
      65.63803315162659,
      65.65765285491943,
      65.27578735351562,
      65.32882046699524,
      65.6870756149292,
      65.61189079284668,
      66.24768924713135,
      65.86068606376648,
      65.30603861808777,
      65.60058355331421,
      65.23178601264954,
      65.61375904083252,
      65.73602747917175,
      65.06859970092773,
      65.74100136756897,
      65.89102602005005,
      65.02048325538635,
      66.11468601226807,
      65.33635425567627,
      65.81426739692688,
      65.15295648574829,
      65.71209287643433,
      66.02733421325684,
      65.90933752059937,
      65.67953634262085,
      65.77257466316223,
      66.01845169067383,
      65.67649340629578,
      66.09966945648193,
      65.40169906616211,
      65.63982963562012,
      65.70153975486755,
      65.01265239715576,
      65.69215774536133,
      65.40063452720642,
      66.15396928787231,
      66.07187080383301,
      65.38938593864441,
      65.8426628112793,
      65.54988956451416,
      65.27307081222534,
      65.36714696884155,
      65.32381772994995,
      66.14322352409363,
      66.27792620658875,
      65.28511023521423,
      65.96248078346252
    ],
    "metadata": {}
  },
  "HedonicMFG": {
    "algorithm": "HedonicMFG",
    "global_accs": [
      0.9842,
      0.9824,
      0.9833,
      0.9825,
      0.9823,
      0.9825,
      0.9822,
      0.9809,
      0.9814,
      0.982,
      0.9827,
      0.9822,
      0.9811,
      0.9817,
      0.9813,
      0.9814,
      0.9802,
      0.9833,
      0.9813,
      0.9818,
      0.9805,
      0.9813,
      0.9805,
      0.9806,
      0.9814,
      0.981,
      0.9808,
      0.9786,
      0.98,
      0.9814,
      0.9783,
      0.9806,
      0.9793,
      0.9807,
      0.9776
    ],
    "avg_client_accs": [
      0.982846827606193,
      0.9798364587114635,
      0.9831045427640006,
      0.9834932181321141,
      0.9826122051458972,
      0.9821298815823203,
      0.9808867376725019,
      0.9803632665296729,
      0.9792612662601117,
      0.9809668558186575,
      0.9808506458528967,
      0.9800286976394157,
      0.9749524851722671,
      0.9790877776640595,
      0.9796542633424409,
      0.9799454995278147,
      0.9760709838945496,
      0.9795040291365407,
      0.9806596704087177,
      0.9808518136176427,
      0.9761820641993022,
      0.9785260862401097,
      0.9766674952547095,
      0.9805913257853478,
      0.9770200681741606,
      0.9813244014546013,
      0.9779300389337932,
      0.9778815177836886,
      0.9773345514225402,
      0.9799553266743193,
      0.977105383958739,
      0.9767109434475911,
      0.9743961902040343,
      0.9746522726542791,
      0.9734614540267922
    ],
    "round_times": [
      96.18452525138855,
      96.53455972671509,
      97.58826112747192,
      96.661630153656,
      97.41162991523743,
      95.94631624221802,
      97.28236532211304,
      97.4518404006958,
      96.88300347328186,
      97.02405548095703,
      98.58940362930298,
      97.17979550361633,
      97.18929719924927,
      97.47095990180969,
      96.54598593711853,
      96.6940758228302,
      96.74620938301086,
      96.7465090751648,
      96.47887754440308,
      97.35210824012756,
      98.87794542312622,
      96.70787310600281,
      97.20730066299438,
      96.9617509841919,
      96.88680219650269,
      97.83256411552429,
      96.82062792778015,
      97.06552147865295,
      96.75649929046631,
      97.18222188949585,
      98.70858955383301,
      96.80209469795227,
      97.02193069458008,
      97.01446795463562,
      97.67515802383423
    ],
    "metadata": {}
  }
}