{
  "FedAvg": {
    "algorithm": "FedAvg",
    "global_accs": [
      0.5511,
      0.6489,
      0.7012,
      0.7322,
      0.7475,
      0.762,
      0.7711,
      0.7796,
      0.7885,
      0.7934,
      0.8046,
      0.8035,
      0.8127,
      0.8164,
      0.8223,
      0.825,
      0.8307,
      0.8347,
      0.8358,
      0.8434,
      0.8418,
      0.8469,
      0.8472,
      0.8495,
      0.8523,
      0.8527,
      0.8555,
      0.8553,
      0.8565,
      0.8576,
      0.8588,
      0.8619,
      0.861,
      0.8643,
      0.8644,
      0.8655,
      0.8668,
      0.8684,
      0.8685,
      0.872,
      0.872,
      0.8682,
      0.8729,
      0.8726,
      0.8723,
      0.8735,
      0.8756,
      0.8742,
      0.878,
      0.8766
    ],
    "avg_client_accs": [
      0.5146115211826631,
      0.615590374718307,
      0.6839376915173109,
      0.7243134825017782,
      0.7419512439632769,
      0.7574104173743793,
      0.769473041483937,
      0.7731179954073235,
      0.7869567469727191,
      0.7934772187889545,
      0.800176978800785,
      0.8002222193796883,
      0.8094921847536299,
      0.8175412017187292,
      0.8248149122652514,
      0.8277261618915995,
      0.8295810787563738,
      0.8331081735544009,
      0.836858702631479,
      0.8422764132426932,
      0.836144274426537,
      0.8446377343728272,
      0.8432567645948653,
      0.8454516875021092,
      0.8519464739728412,
      0.8473928068463791,
      0.8556143715936231,
      0.8548405062460024,
      0.856301913591194,
      0.8563701129246902,
      0.8580658912029222,
      0.8585456593036213,
      0.8602562803431548,
      0.8604591755234661,
      0.8608334006254853,
      0.8656050867394202,
      0.8644006925801114,
      0.8624994996778318,
      0.8642889988055967,
      0.8637503527667163,
      0.8670676416667017,
      0.8653998045446489,
      0.8689347993478896,
      0.8683555918729253,
      0.8698278203783514,
      0.8687726836513121,
      0.8677634368118567,
      0.8678749624871868,
      0.8681003446794804,
      0.8709134184331719
    ],
    "round_times": [
      44.441837787628174,
      45.295549631118774,
      45.57311391830444,
      45.03590226173401,
      43.977474212646484,
      42.96373176574707,
      43.1638867855072,
      43.76942586898804,
      43.48101019859314,
      44.18815064430237,
      46.141865968704224,
      45.35037040710449,
      46.249884843826294,
      43.91076421737671,
      46.455199241638184,
      44.72728681564331,
      45.30256271362305,
      45.2718505859375,
      47.058183908462524,
      45.40313363075256,
      47.01231527328491,
      45.985055446624756,
      44.77090620994568,
      46.289703369140625,
      44.57507538795471,
      45.974554777145386,
      46.52564597129822,
      46.03357720375061,
      44.68737983703613,
      45.75202250480652,
      46.13105654716492,
      47.77935600280762,
      45.9578070640564,
      45.35447359085083,
      44.4055438041687,
      45.04408001899719,
      44.868866205215454,
      45.33653211593628,
      44.548255920410156,
      46.430185079574585,
      46.18102145195007,
      44.909693002700806,
      45.47288489341736,
      44.6388258934021,
      44.10822105407715,
      44.473893880844116,
      44.139211654663086,
      44.732138872146606,
      44.54069757461548,
      44.40708613395691
    ],
    "metadata": {}
  },
  "HedonicMFG": {
    "algorithm": "HedonicMFG",
    "global_accs": [
      0.8013,
      0.8121,
      0.812,
      0.8164,
      0.827,
      0.8292,
      0.8277,
      0.8356,
      0.8338,
      0.8412,
      0.8389,
      0.8448,
      0.843,
      0.8483,
      0.8494,
      0.8524,
      0.8512,
      0.856,
      0.8547,
      0.8576,
      0.8582,
      0.8582,
      0.861,
      0.8606,
      0.863,
      0.8635,
      0.8639,
      0.8644,
      0.8657,
      0.8655,
      0.8678,
      0.8684,
      0.8694,
      0.8679,
      0.8701,
      0.8706,
      0.8719,
      0.8714,
      0.8724
    ],
    "avg_client_accs": [
      0.8550912127666153,
      0.8907616630744308,
      0.8929277882965511,
      0.8992343052117576,
      0.9018236860653518,
      0.8924013553938756,
      0.8970261700064825,
      0.8968901898921993,
      0.898653000702782,
      0.893245387615826,
      0.89403429319254,
      0.8931604208185225,
      0.8981608527332413,
      0.9035256695429124,
      0.8942494519683513,
      0.8961083693647578,
      0.902368565313131,
      0.8962368566379394,
      0.89781167472132,
      0.9026261455933773,
      0.8946956642829463,
      0.8965468369854298,
      0.8969491970771386,
      0.900592785411872,
      0.896381327164601,
      0.8960193155685812,
      0.8939552620234122,
      0.8991493473452762,
      0.8975083409795283,
      0.8998720956587649,
      0.8979484367613256,
      0.8946674359857096,
      0.9003266083435866,
      0.900008402811194,
      0.9000628581488411,
      0.9011103216612933,
      0.9063359238046822,
      0.8953474499883429,
      0.9072672801036445
    ],
    "round_times": [
      77.53594851493835,
      79.24687385559082,
      77.57622718811035,
      79.01369500160217,
      80.16010522842407,
      78.24550247192383,
      79.04795432090759,
      78.82939124107361,
      78.92774963378906,
      80.0577552318573,
      101.73312997817993,
      89.47227740287781,
      89.4240996837616,
      89.78051567077637,
      90.45483160018921,
      92.54459023475647,
      95.21346998214722,
      92.12781238555908,
      92.915207862854,
      91.1639142036438,
      111.21441292762756,
      101.25133156776428,
      103.18141651153564,
      100.1195547580719,
      101.35768342018127,
      100.85402584075928,
      101.56762528419495,
      102.86148595809937,
      106.33692955970764,
      102.17620038986206,
      109.9655237197876,
      96.52556920051575,
      96.9367778301239,
      96.5904848575592,
      95.03164529800415,
      95.88930821418762,
      91.99964880943298,
      95.17038178443909,
      92.96724462509155
    ],
    "metadata": {}
  }
}