{
  "FedAvg": {
    "algorithm": "FedAvg",
    "global_accs": [
      0.5747,
      0.6838,
      0.7147,
      0.7528,
      0.7647,
      0.7808,
      0.793,
      0.8031,
      0.8159,
      0.8209,
      0.8289,
      0.8323,
      0.8387,
      0.8442,
      0.8482,
      0.8489,
      0.8527,
      0.8561,
      0.8566,
      0.8602,
      0.8592,
      0.8618,
      0.865,
      0.8657,
      0.8652,
      0.8673,
      0.8673,
      0.8695,
      0.8712,
      0.8711,
      0.8759,
      0.8712,
      0.8753,
      0.8745,
      0.8784,
      0.8763,
      0.8785,
      0.8771,
      0.8798,
      0.8797,
      0.8813,
      0.885,
      0.8832,
      0.8827,
      0.8837,
      0.8856,
      0.8855,
      0.8854,
      0.8878,
      0.8883
    ],
    "avg_client_accs": [
      0.5701650816550969,
      0.6562139592017808,
      0.704723482449172,
      0.7349595727224487,
      0.755025278308519,
      0.774498882635603,
      0.7893901625750456,
      0.798136921832437,
      0.8122226425418049,
      0.8187383227673799,
      0.8242726027516921,
      0.8284461834191491,
      0.8326179009483612,
      0.8379813459585354,
      0.8422183042168607,
      0.8447104544911204,
      0.84601400842594,
      0.8499484254752414,
      0.8503596064635948,
      0.8504931807623455,
      0.853217560852362,
      0.8568246768319071,
      0.8576880255764191,
      0.862039338901974,
      0.8658012840470459,
      0.8655035621138956,
      0.8670163043013002,
      0.868199378260069,
      0.871495157818503,
      0.8708699567179747,
      0.8758464493029916,
      0.8725626613971883,
      0.8740437606658557,
      0.8763545922278233,
      0.8749968237514538,
      0.8757176953940322,
      0.8782647496553032,
      0.8773393636994952,
      0.8808598144085341,
      0.8815235726764961,
      0.8819316149363805,
      0.8799733639197569,
      0.8804873639748058,
      0.8832684449387201,
      0.8822033380824118,
      0.8810259548151013,
      0.8858274695655348,
      0.8840367290109468,
      0.885524184408383,
      0.8869119061729863
    ],
    "round_times": [
      33.8179349899292,
      34.70073056221008,
      36.10742950439453,
      37.10434365272522,
      37.40452432632446,
      37.533352851867676,
      37.532833099365234,
      38.21142864227295,
      37.4654541015625,
      37.48115563392639,
      37.53176212310791,
      36.47791051864624,
      36.13801622390747,
      36.30014896392822,
      36.39073181152344,
      37.792181730270386,
      36.77797198295593,
      35.99366855621338,
      36.79763436317444,
      35.54341721534729,
      35.18631196022034,
      35.27267861366272,
      35.35947060585022,
      35.876957178115845,
      35.294684648513794,
      35.63164234161377,
      35.43314290046692,
      35.998273611068726,
      35.130239486694336,
      34.919294118881226,
      35.23788142204285,
      36.128294944763184,
      35.114362478256226,
      35.75458312034607,
      36.53043556213379,
      35.938897371292114,
      35.74705386161804,
      35.82436203956604,
      36.19133543968201,
      36.57849931716919,
      34.33914756774902,
      34.892446994781494,
      36.231722831726074,
      36.034921407699585,
      34.46410131454468,
      36.26685881614685,
      34.84907913208008,
      35.339417457580566,
      34.749961614608765,
      36.550457239151
    ],
    "metadata": {}
  },
  "HedonicMFG": {
    "algorithm": "HedonicMFG",
    "global_accs": [
      0.8365,
      0.8364,
      0.8452,
      0.8448,
      0.8489,
      0.8501,
      0.8531,
      0.8545,
      0.8562,
      0.8581,
      0.8622,
      0.8623,
      0.8643,
      0.8659,
      0.8674,
      0.8682,
      0.8672,
      0.8686,
      0.8714,
      0.8725,
      0.8741,
      0.8735,
      0.8732,
      0.8758,
      0.8759,
      0.8757,
      0.8768,
      0.878,
      0.8777,
      0.8783,
      0.877,
      0.8803,
      0.8787,
      0.8798,
      0.8805,
      0.8817,
      0.8813,
      0.8835,
      0.8818
    ],
    "avg_client_accs": [
      0.871001159487401,
      0.8858720956952851,
      0.8964518267897787,
      0.892952009348529,
      0.8909725688863841,
      0.8910890071838002,
      0.8912331395136521,
      0.8949455933042634,
      0.8956214384915855,
      0.8987779114226957,
      0.8927872730609672,
      0.8990067980891429,
      0.9033928550399132,
      0.8976832763256392,
      0.8958748028968222,
      0.8996466183451582,
      0.8969268876967129,
      0.8927791436945673,
      0.9015948377600488,
      0.8928111620943318,
      0.8973276108047271,
      0.8945613984320783,
      0.8962955586126886,
      0.8987880972740019,
      0.8994659879054211,
      0.8960353087199143,
      0.8974029640752255,
      0.8996894885235065,
      0.8925662776503579,
      0.8994225107952178,
      0.9007202938117231,
      0.8986551311453148,
      0.903536586313716,
      0.9027720405175284,
      0.9024518689481452,
      0.9018561508855221,
      0.8958599327618698,
      0.9009540997864244,
      0.9031190425054605
    ],
    "round_times": [
      58.366782426834106,
      60.78099274635315,
      59.49673390388489,
      58.856167793273926,
      57.691758155822754,
      58.22171497344971,
      59.22685170173645,
      58.073200702667236,
      59.237468242645264,
      61.29327392578125,
      71.86671900749207,
      62.38841533660889,
      61.3403639793396,
      61.837589263916016,
      63.04703664779663,
      62.93039679527283,
      64.05134463310242,
      62.30813264846802,
      66.03109574317932,
      63.721577882766724,
      75.21692061424255,
      66.33440065383911,
      66.50858902931213,
      67.57185387611389,
      67.21559977531433,
      66.91124248504639,
      66.45265197753906,
      71.00077104568481,
      66.51690793037415,
      67.32052731513977,
      79.9858386516571,
      70.26107978820801,
      71.76448202133179,
      69.72045850753784,
      65.77440237998962,
      70.70768094062805,
      72.12005472183228,
      64.89413738250732,
      66.46207046508789
    ],
    "metadata": {}
  }
}