{
  "FedAvg": {
    "algorithm": "FedAvg",
    "global_accs": [
      0.8259,
      0.9584,
      0.9613,
      0.9625,
      0.9606,
      0.949,
      0.9547,
      0.951,
      0.956,
      0.9531,
      0.9492,
      0.9572,
      0.9545,
      0.955,
      0.9545,
      0.9542,
      0.9497,
      0.9555,
      0.9597,
      0.9546,
      0.9549,
      0.9611,
      0.9581,
      0.9561,
      0.9543,
      0.9574,
      0.9571,
      0.961,
      0.9615,
      0.9593,
      0.9618,
      0.9642,
      0.964,
      0.9595,
      0.9625,
      0.9612,
      0.9652,
      0.9607,
      0.9672,
      0.9577,
      0.965,
      0.9601,
      0.9545,
      0.9587,
      0.9611,
      0.9587,
      0.9556,
      0.9568,
      0.9619,
      0.9579
    ],
    "avg_client_accs": [
      0.8430228998394658,
      0.9605163990566336,
      0.9661553199907191,
      0.9674481058532965,
      0.9659178325413702,
      0.9502464641692445,
      0.956490483103058,
      0.9519260844696303,
      0.9578672947283573,
      0.9553208409641936,
      0.9517503624365702,
      0.9610783218023737,
      0.9587285879505225,
      0.9588439735031347,
      0.9581002628851211,
      0.9578000318707138,
      0.9535785532639405,
      0.9607602169694095,
      0.9660634299196597,
      0.958798811853991,
      0.959799070537907,
      0.9669571340134991,
      0.9632860018538911,
      0.9612367628399815,
      0.9601918798921426,
      0.9632312226878122,
      0.9642957194139209,
      0.9691271830397119,
      0.9674641058234444,
      0.9650255227432043,
      0.9657164656378425,
      0.9684893335677456,
      0.9688314820747769,
      0.9657355039719855,
      0.9697212372922172,
      0.9683474587760008,
      0.9688676796580881,
      0.9688358901501074,
      0.9718952108970533,
      0.9653975053449363,
      0.9708027262446608,
      0.967364194154358,
      0.9625751088409119,
      0.9654300318871906,
      0.968629166127616,
      0.9635681355754846,
      0.9626356686175642,
      0.9633910068098773,
      0.9689713285914108,
      0.9633681401546725
    ],
    "round_times": [
      65.65212607383728,
      65.70058965682983,
      66.21715235710144,
      62.378286600112915,
      63.85016465187073,
      62.34105110168457,
      65.15090584754944,
      67.64690208435059,
      63.27446103096008,
      64.36754202842712,
      64.49233913421631,
      62.899900674819946,
      65.54637432098389,
      63.504592418670654,
      66.45883178710938,
      63.27924656867981,
      65.62092876434326,
      65.13945198059082,
      61.87839674949646,
      59.80479383468628,
      66.48415684700012,
      70.0075147151947,
      65.48770904541016,
      69.14836311340332,
      67.70865821838379,
      70.6633551120758,
      64.3473482131958,
      65.06868934631348,
      66.81173014640808,
      65.92868876457214,
      68.66351962089539,
      65.2740433216095,
      69.10987162590027,
      65.7013590335846,
      65.18336963653564,
      66.31904673576355,
      66.71676516532898,
      67.06917977333069,
      68.93831515312195,
      63.070937633514404,
      64.79620909690857,
      64.25854396820068,
      67.65035939216614,
      65.36034369468689,
      64.42702460289001,
      65.69627285003662,
      66.36378574371338,
      69.2225193977356,
      66.62854313850403,
      66.35752153396606
    ],
    "metadata": {}
  },
  "HedonicMFG": {
    "algorithm": "HedonicMFG",
    "global_accs": [
      0.959,
      0.9581,
      0.959,
      0.9542,
      0.966,
      0.9589,
      0.9593,
      0.9601,
      0.9574,
      0.9571,
      0.9544,
      0.9573,
      0.954,
      0.9564,
      0.9575,
      0.9567,
      0.9563,
      0.9544,
      0.9555,
      0.953,
      0.9533,
      0.9558,
      0.9557,
      0.9559,
      0.9541,
      0.9548,
      0.955,
      0.9533,
      0.9541,
      0.9535,
      0.95,
      0.9502,
      0.9564,
      0.9556,
      0.9541
    ],
    "avg_client_accs": [
      0.959049719938425,
      0.9578118709399279,
      0.9584422613227058,
      0.945463357537973,
      0.9543232138762653,
      0.9555993806490642,
      0.9609132580894892,
      0.9583489436731087,
      0.958100986937912,
      0.9585915031482891,
      0.9537328063242907,
      0.9550862292314057,
      0.9512392933190859,
      0.950918823762601,
      0.9526606850370574,
      0.956577734215462,
      0.9578813601747311,
      0.9508631821925879,
      0.9538968477558651,
      0.9523398305074082,
      0.9501765612852268,
      0.9557259663346113,
      0.9545015298768714,
      0.9531239454121971,
      0.9482308284426633,
      0.9542223767362173,
      0.9481715499592666,
      0.9497470458234935,
      0.9489452174586152,
      0.9498931877761765,
      0.9495471285250195,
      0.9470335919989601,
      0.9535790398670596,
      0.958215144764762,
      0.954462124248227
    ],
    "round_times": [
      97.8305037021637,
      99.77424240112305,
      101.5308108329773,
      102.04491662979126,
      102.56402730941772,
      101.7459762096405,
      99.98453211784363,
      99.05624413490295,
      98.62697505950928,
      100.82482647895813,
      100.30948758125305,
      97.0127820968628,
      95.52656412124634,
      103.63204741477966,
      100.81241512298584,
      102.86383700370789,
      101.52876448631287,
      101.62404870986938,
      93.70232915878296,
      96.23280310630798,
      102.20604753494263,
      100.20016717910767,
      94.13500237464905,
      94.31963109970093,
      102.35928750038147,
      93.15638613700867,
      96.82614374160767,
      95.46785426139832,
      94.25586795806885,
      94.09187865257263,
      97.18674993515015,
      95.65273427963257,
      104.60434103012085,
      99.11446332931519,
      95.63525629043579
    ],
    "metadata": {}
  }
}