{
  "FedAvg": {
    "algorithm": "FedAvg",
    "global_accs": [
      0.4555,
      0.5358,
      0.6212,
      0.6905,
      0.7049,
      0.7365,
      0.745,
      0.7657,
      0.7731,
      0.7839,
      0.7889,
      0.7998,
      0.801,
      0.8089,
      0.8116,
      0.8178,
      0.8256,
      0.8249,
      0.8312,
      0.8369,
      0.8378,
      0.8387,
      0.8448,
      0.8447,
      0.8483,
      0.8497,
      0.8522,
      0.8513,
      0.8539,
      0.8558,
      0.8561,
      0.8579,
      0.8591,
      0.862,
      0.8649,
      0.8624,
      0.8628,
      0.8689,
      0.8653,
      0.8708,
      0.8674,
      0.8689,
      0.8698,
      0.8705,
      0.8729,
      0.8746,
      0.8734,
      0.8755,
      0.8742,
      0.8762
    ],
    "avg_client_accs": [
      0.4580327720026146,
      0.5215654686570422,
      0.6316287106305726,
      0.693411628615509,
      0.726050179780334,
      0.7358438423416468,
      0.7605658778524309,
      0.7743041851170317,
      0.7875109237623696,
      0.7941785772541194,
      0.8083029252636331,
      0.8151590073469354,
      0.8103880889482893,
      0.8191657485394682,
      0.8216676145689522,
      0.8285602220131943,
      0.8388464928936195,
      0.8343569330770135,
      0.843763193239042,
      0.8475839884117254,
      0.8480881384659561,
      0.8469207637003097,
      0.8613144496396963,
      0.859686746725845,
      0.8658059559173472,
      0.8635792631398533,
      0.8644446260869494,
      0.8632155308203222,
      0.8674062014160914,
      0.8689836568421668,
      0.8721353480595513,
      0.8738420072717068,
      0.875273901956589,
      0.8753016184594917,
      0.8807280155377152,
      0.8736768128942549,
      0.8752704983319959,
      0.8820818408237756,
      0.8789319122732968,
      0.8830283076062212,
      0.878122513277369,
      0.8840040165778055,
      0.8821415096445169,
      0.8828297701974283,
      0.8847205022953059,
      0.886984797977562,
      0.8837612909869603,
      0.8888479752713895,
      0.8839878563364744,
      0.8872961342149382
    ],
    "round_times": [
      32.124579668045044,
      33.43928146362305,
      35.37871313095093,
      34.27159404754639,
      33.10141658782959,
      33.90905237197876,
      34.070319175720215,
      33.749305725097656,
      33.762428998947144,
      33.3253755569458,
      33.81412053108215,
      33.5771918296814,
      34.03301215171814,
      33.77233910560608,
      33.76098942756653,
      32.868473291397095,
      33.69548296928406,
      32.59021472930908,
      33.034231185913086,
      33.77166128158569,
      32.64956521987915,
      32.58731985092163,
      32.65130352973938,
      32.61006283760071,
      32.23138666152954,
      32.71127390861511,
      33.01309299468994,
      32.15454840660095,
      32.26279902458191,
      32.64689826965332,
      33.127631425857544,
      32.8551881313324,
      33.33146095275879,
      32.94073534011841,
      34.61742663383484,
      33.87957549095154,
      31.936126708984375,
      32.0338876247406,
      31.836467027664185,
      31.462562084197998,
      31.544514894485474,
      31.71744728088379,
      31.662669897079468,
      31.885443210601807,
      31.81863832473755,
      31.746121883392334,
      31.55940079689026,
      31.898022890090942,
      31.934638500213623,
      31.62355637550354
    ],
    "metadata": {}
  },
  "HedonicMFG": {
    "algorithm": "HedonicMFG",
    "global_accs": [
      0.8099,
      0.8207,
      0.8195,
      0.8251,
      0.8264,
      0.8301,
      0.8297,
      0.8344,
      0.835,
      0.8382,
      0.8387,
      0.8395,
      0.8431,
      0.8436,
      0.8446,
      0.8476,
      0.8502,
      0.85,
      0.8502,
      0.8493,
      0.8529,
      0.8512,
      0.8543,
      0.8559,
      0.8564,
      0.8556,
      0.8582,
      0.8561,
      0.8595,
      0.8591,
      0.8612,
      0.8592,
      0.8628,
      0.8606,
      0.8618
    ],
    "avg_client_accs": [
      0.8993864050631787,
      0.8983120479905002,
      0.9222546690702741,
      0.9061221267626454,
      0.913671800295524,
      0.9119071451984391,
      0.9137065976831374,
      0.912161158161531,
      0.9100827968208408,
      0.9167613791566606,
      0.919067400534467,
      0.9076488152582943,
      0.9169998793832275,
      0.9151793530655572,
      0.9146805592497393,
      0.9095102855495527,
      0.9199864350734736,
      0.9151648428731061,
      0.9128587276705096,
      0.9141219916254746,
      0.9086657466236374,
      0.913318965378885,
      0.9128221819350859,
      0.9152731188440972,
      0.9149420991294359,
      0.9173954158992889,
      0.9032483327845817,
      0.9189457815345283,
      0.9120135305746627,
      0.9222241422286588,
      0.9107603970374967,
      0.9111376586414426,
      0.9217315827502217,
      0.9133721343443266,
      0.9242895289919909
    ],
    "round_times": [
      50.82227349281311,
      51.430941343307495,
      51.55613732337952,
      51.70366144180298,
      50.938032150268555,
      50.714516401290894,
      50.89002060890198,
      52.96286869049072,
      50.36440348625183,
      50.94796442985535,
      58.25205397605896,
      54.37443828582764,
      53.983922481536865,
      53.75676083564758,
      54.07194447517395,
      54.31178164482117,
      54.57407021522522,
      54.26897311210632,
      53.184844970703125,
      53.511401891708374,
      61.18931531906128,
      56.11054968833923,
      56.354737281799316,
      56.46737360954285,
      56.008347511291504,
      56.450204372406006,
      56.33489155769348,
      57.912163496017456,
      55.621906757354736,
      55.82634973526001,
      61.08987879753113,
      56.81872820854187,
      56.88507270812988,
      57.104005575180054,
      56.77373194694519
    ],
    "metadata": {}
  }
}