{
  "FedAvg": {
    "algorithm": "FedAvg",
    "global_accs": [
      0.8636,
      0.9711,
      0.975,
      0.9782,
      0.9799,
      0.983,
      0.9822,
      0.9847,
      0.9847,
      0.9847,
      0.9855,
      0.9853,
      0.987,
      0.9873,
      0.9855,
      0.9865,
      0.9859,
      0.9853,
      0.9858,
      0.9865,
      0.9854,
      0.986,
      0.986,
      0.9851,
      0.987,
      0.986,
      0.9866,
      0.9863,
      0.9869,
      0.9856,
      0.9855,
      0.984,
      0.9867,
      0.9845,
      0.983,
      0.9851,
      0.9841,
      0.9825,
      0.9832,
      0.9835,
      0.9816,
      0.984,
      0.983,
      0.9845,
      0.9847,
      0.9838,
      0.984,
      0.9817,
      0.9835,
      0.9817
    ],
    "avg_client_accs": [
      0.8575483649768063,
      0.9740477944285066,
      0.9776782152809552,
      0.9806843295301683,
      0.9817620985113118,
      0.9846322723379866,
      0.9842657405457521,
      0.9859779485303133,
      0.9842880266149718,
      0.984764979422728,
      0.9847011431693756,
      0.9847511535075204,
      0.9874156945873601,
      0.9869857466130065,
      0.9857345881445969,
      0.9869491061635246,
      0.9861864782031222,
      0.9848730288732177,
      0.9865319953111852,
      0.98644554559285,
      0.985447667835144,
      0.9856377558314415,
      0.986491121549429,
      0.9853683771301236,
      0.9863509876917058,
      0.9864327888309907,
      0.986465300049837,
      0.9865826966410042,
      0.9865228142767778,
      0.9860765796284314,
      0.9868130912463988,
      0.9855546004347687,
      0.9859965284188041,
      0.9843945616833742,
      0.9841809522660089,
      0.9842837591545794,
      0.9839103737963445,
      0.9833024259080343,
      0.9845149784659363,
      0.983665774201888,
      0.9836099377123834,
      0.9842853753523553,
      0.9828073355651264,
      0.9842640438391885,
      0.9847781248437947,
      0.9844132878500746,
      0.9840551119433757,
      0.9825109222320393,
      0.9833273715327981,
      0.9819144276329256
    ],
    "round_times": [
      66.25343084335327,
      65.2470953464508,
      65.4108636379242,
      65.43507194519043,
      65.55250120162964,
      65.43536567687988,
      65.77299809455872,
      65.66537642478943,
      65.68385148048401,
      65.7175362110138,
      65.72125935554504,
      65.84260439872742,
      66.8847963809967,
      66.25921440124512,
      66.36863017082214,
      65.85653257369995,
      66.2487063407898,
      66.89307427406311,
      66.44039988517761,
      65.8730821609497,
      66.3060314655304,
      66.01985883712769,
      65.46895360946655,
      66.4874415397644,
      66.39343619346619,
      65.28040075302124,
      65.6400797367096,
      66.03647208213806,
      65.75429487228394,
      65.85905742645264,
      65.97967743873596,
      66.39131617546082,
      65.20737195014954,
      66.39738869667053,
      65.83038210868835,
      65.35614228248596,
      66.05199122428894,
      66.50164651870728,
      65.44624042510986,
      65.67780566215515,
      66.59314966201782,
      66.03359651565552,
      66.40275859832764,
      66.38512086868286,
      65.82292914390564,
      65.93795323371887,
      66.16579484939575,
      66.0637104511261,
      65.55835771560669,
      66.16524243354797
    ],
    "metadata": {}
  },
  "HedonicMFG": {
    "algorithm": "HedonicMFG",
    "global_accs": [
      0.9856,
      0.9851,
      0.9853,
      0.9861,
      0.9865,
      0.9861,
      0.9858,
      0.9863,
      0.9851,
      0.986,
      0.9854,
      0.9846,
      0.9851,
      0.9846,
      0.9824,
      0.9836,
      0.985,
      0.9837,
      0.9847,
      0.9839,
      0.9831,
      0.9825,
      0.9841,
      0.9829,
      0.9833,
      0.9823,
      0.9832,
      0.9839,
      0.9833,
      0.9838,
      0.9822,
      0.9813,
      0.9812,
      0.9808,
      0.9821
    ],
    "avg_client_accs": [
      0.9864888724535978,
      0.9861236115709534,
      0.9848117420434924,
      0.9862522827182258,
      0.9839501618731153,
      0.9839523375146445,
      0.9839198289492714,
      0.9860961683260143,
      0.983223478782881,
      0.985492634350243,
      0.9830748274905006,
      0.9836084537890276,
      0.9838285462253065,
      0.9831012237896057,
      0.9810831925062672,
      0.9834377898303931,
      0.9831707098387057,
      0.9812868260705274,
      0.98186856721166,
      0.9800386927760293,
      0.978535126437458,
      0.9817466711199341,
      0.9818714561045117,
      0.9806287007307415,
      0.9807463387814781,
      0.9790345047900558,
      0.9781969155909845,
      0.9785797155786333,
      0.9813165082266242,
      0.9793106183843274,
      0.9789026440342624,
      0.9795733442210359,
      0.9786227600723467,
      0.9783375398311801,
      0.9775189675051574
    ],
    "round_times": [
      95.69389629364014,
      96.70865321159363,
      97.16633605957031,
      97.26219439506531,
      97.75297021865845,
      97.59881925582886,
      97.32229351997375,
      97.45613813400269,
      96.88111162185669,
      96.8747079372406,
      98.82359170913696,
      97.4794933795929,
      96.90688228607178,
      96.83620858192444,
      97.31104969978333,
      96.97827816009521,
      96.90230441093445,
      96.40503859519958,
      96.79996848106384,
      96.3938901424408,
      97.6927855014801,
      97.15989589691162,
      96.98853635787964,
      96.73097109794617,
      97.7778491973877,
      96.87341380119324,
      97.30207014083862,
      97.67537760734558,
      97.0305187702179,
      96.71543192863464,
      98.66435360908508,
      96.33002233505249,
      97.36880850791931,
      96.91334128379822,
      97.18285584449768
    ],
    "metadata": {}
  }
}