{
  "FedAvg": {
    "algorithm": "FedAvg",
    "global_accs": [
      0.452,
      0.6137,
      0.681,
      0.7019,
      0.7365,
      0.7359,
      0.7642,
      0.7636,
      0.7751,
      0.7784,
      0.7861,
      0.7881,
      0.7983,
      0.8006,
      0.8047,
      0.81,
      0.8123,
      0.817,
      0.8192,
      0.8236,
      0.827,
      0.8301,
      0.8314,
      0.8364,
      0.8363,
      0.8415,
      0.8417,
      0.8432,
      0.8462,
      0.8469,
      0.8495,
      0.8498,
      0.8511,
      0.8545,
      0.8544,
      0.855,
      0.8567,
      0.8575,
      0.8579,
      0.8595,
      0.8595,
      0.8611,
      0.8618,
      0.8636,
      0.863,
      0.865,
      0.865,
      0.8661,
      0.8669,
      0.8667
    ],
    "avg_client_accs": [
      0.4487033752616851,
      0.6258936891313114,
      0.6873092711299493,
      0.7178418801350596,
      0.7395020678918212,
      0.7548831024765761,
      0.7680018470960768,
      0.7783298654017741,
      0.7900927172770865,
      0.7958001711677427,
      0.7973410988085395,
      0.8049822704273691,
      0.8074747546591504,
      0.8178933788456603,
      0.8127712262215008,
      0.8250763709607911,
      0.8243735251240727,
      0.8307260613577181,
      0.834708365411541,
      0.8349962962630906,
      0.8412890769393238,
      0.8427236132914476,
      0.8468834684670421,
      0.8484750996014777,
      0.8488195943072632,
      0.8534686545125078,
      0.8537908063225116,
      0.8571302420480148,
      0.8582901101758068,
      0.8615131689054755,
      0.861820266964534,
      0.865589557414865,
      0.8643701972590253,
      0.8614154811088978,
      0.8669504999978653,
      0.8662474636121057,
      0.865641309880052,
      0.8686531676491012,
      0.8704440249084138,
      0.8661116492933971,
      0.8723214232017839,
      0.8722874822210571,
      0.8718083860889895,
      0.8710246751563971,
      0.8717460078783332,
      0.8746232366527964,
      0.873984934783021,
      0.875090197311585,
      0.8779060113604671,
      0.8801865158569041
    ],
    "round_times": [
      57.236573457717896,
      59.613166093826294,
      60.30466842651367,
      60.89001107215881,
      60.4841365814209,
      60.59890031814575,
      59.80269455909729,
      62.38500428199768,
      60.638001441955566,
      63.092002630233765,
      60.64832377433777,
      60.75079321861267,
      60.538649797439575,
      61.70197153091431,
      60.409255266189575,
      60.941959381103516,
      60.23303437232971,
      62.98584032058716,
      61.25783562660217,
      61.57877540588379,
      59.08801054954529,
      60.715895652770996,
      60.2342791557312,
      59.853877782821655,
      59.68713021278381,
      59.592647552490234,
      58.92351222038269,
      59.12950348854065,
      59.532240867614746,
      59.06806826591492,
      60.22609257698059,
      60.05759954452515,
      59.9862859249115,
      58.938053369522095,
      59.0532500743866,
      59.50328183174133,
      59.76170086860657,
      61.661582469940186,
      59.046964168548584,
      59.676979780197144,
      58.709561824798584,
      59.400437355041504,
      61.012848138809204,
      59.561471462249756,
      59.94343829154968,
      59.53802943229675,
      59.398921728134155,
      60.090760946273804,
      60.916900634765625,
      61.97023844718933
    ],
    "metadata": {}
  },
  "HedonicMFG": {
    "algorithm": "HedonicMFG",
    "global_accs": [
      0.7916,
      0.7957,
      0.8008,
      0.805,
      0.8084,
      0.8123,
      0.8179,
      0.8192,
      0.8236,
      0.8265,
      0.8288,
      0.8317,
      0.8352,
      0.8378,
      0.8376,
      0.8407,
      0.8427,
      0.8456,
      0.8454,
      0.8471,
      0.8506,
      0.8513,
      0.8513,
      0.8536,
      0.8528,
      0.8552,
      0.8566,
      0.856,
      0.858,
      0.8578,
      0.8586,
      0.8597,
      0.8617,
      0.8617,
      0.861,
      0.8629,
      0.8637,
      0.865,
      0.865
    ],
    "avg_client_accs": [
      0.8039883708305662,
      0.8576783886855612,
      0.8749714181816838,
      0.8821875976920219,
      0.8833958001407151,
      0.8878527001172704,
      0.890158283819152,
      0.8867093369105393,
      0.8901048538547469,
      0.890578630751633,
      0.888891554524107,
      0.8932442345768417,
      0.8935388033679349,
      0.8981254827557408,
      0.8931092934248461,
      0.8937747207123964,
      0.8958412337400276,
      0.8930842427174136,
      0.893019204075276,
      0.8931175340716057,
      0.8930601167341545,
      0.8972456101081576,
      0.8926411406922378,
      0.8883926311828759,
      0.8905271082604096,
      0.8894300818528315,
      0.8946483773903431,
      0.8901105257585759,
      0.8974846440837222,
      0.8898845889005139,
      0.8877250318414468,
      0.8914862600530538,
      0.8931924359832439,
      0.8955101081805027,
      0.8972758554922409,
      0.893993576742463,
      0.8983238362308954,
      0.8901830034073079,
      0.8993632558799541
    ],
    "round_times": [
      129.7843930721283,
      141.872793674469,
      135.04240441322327,
      133.1780686378479,
      132.34773802757263,
      133.93324089050293,
      124.40595769882202,
      128.62902975082397,
      126.9220654964447,
      122.78486895561218,
      173.29871654510498,
      148.1755781173706,
      149.09199595451355,
      150.21756839752197,
      148.81213068962097,
      150.79064536094666,
      149.66673874855042,
      154.67094254493713,
      153.0685214996338,
      148.49066853523254,
      193.50861120224,
      175.38116598129272,
      174.76762628555298,
      174.0800588130951,
      171.89696979522705,
      172.1691119670868,
      170.1340253353119,
      170.48430824279785,
      170.11332607269287,
      169.56340265274048,
      171.65765690803528,
      141.89260983467102,
      144.56144285202026,
      143.54893946647644,
      141.64814043045044,
      143.9446141719818,
      146.81001806259155,
      144.57131218910217,
      146.4385576248169
    ],
    "metadata": {}
  }
}