{
  "FedAvg": {
    "algorithm": "FedAvg",
    "global_accs": [
      0.4975,
      0.5244,
      0.6124,
      0.6376,
      0.6772,
      0.687,
      0.7027,
      0.7141,
      0.7193,
      0.7324,
      0.7324,
      0.7427,
      0.7421,
      0.7534,
      0.7515,
      0.7607,
      0.7606,
      0.7699,
      0.7693,
      0.7748,
      0.7751,
      0.7787,
      0.7799,
      0.783,
      0.7864,
      0.7862,
      0.7908,
      0.7907,
      0.794,
      0.7952,
      0.7962,
      0.7994,
      0.8004,
      0.8036,
      0.8054,
      0.8072,
      0.8099,
      0.8107,
      0.8137,
      0.8143,
      0.8143,
      0.8175,
      0.8192,
      0.8188,
      0.8223,
      0.8216,
      0.8239,
      0.8245,
      0.8264,
      0.8271
    ],
    "avg_client_accs": [
      0.4478762436771935,
      0.5278321159062113,
      0.6096453674094274,
      0.6291116093760919,
      0.6715152848199268,
      0.6845618569117172,
      0.6973999031170517,
      0.7060831025830392,
      0.7194657261481727,
      0.7341036693803896,
      0.7377207697786448,
      0.7449036001828973,
      0.7486266640707544,
      0.7579448273898685,
      0.757281943492737,
      0.765071139543938,
      0.7671752469545312,
      0.7752720862031718,
      0.775401045925681,
      0.7785585519853195,
      0.7805042448803825,
      0.7831781175566825,
      0.7883517249635276,
      0.7887897465161834,
      0.789059773003611,
      0.791812824504326,
      0.7985205361367137,
      0.7966939746663815,
      0.8003959386182141,
      0.8010343872816699,
      0.8024866447450566,
      0.8041962807163537,
      0.8064057677928386,
      0.8100766064508444,
      0.8143482659411682,
      0.8161512812997698,
      0.8162260480646237,
      0.8183624519026752,
      0.8185679195850922,
      0.8218288248571914,
      0.8238339327500751,
      0.8235549971194138,
      0.8270072478587025,
      0.8257296412616324,
      0.8284742290979592,
      0.83079626046948,
      0.8323834337821252,
      0.8307789518072068,
      0.8350132447117198,
      0.8328153412479052
    ],
    "round_times": [
      104.6513900756836,
      112.17854952812195,
      117.14529776573181,
      116.19441270828247,
      112.59750652313232,
      113.34065914154053,
      116.3424654006958,
      115.23489952087402,
      115.54682636260986,
      114.38414001464844,
      113.36524295806885,
      119.15528750419617,
      125.71416735649109,
      119.99138593673706,
      119.6148886680603,
      118.38697504997253,
      118.11724400520325,
      117.76032900810242,
      117.99718070030212,
      119.35059428215027,
      120.1778917312622,
      118.76989150047302,
      116.44672679901123,
      116.05293416976929,
      116.41712737083435,
      117.23660802841187,
      116.43834805488586,
      117.06411004066467,
      119.71319055557251,
      121.11838054656982,
      118.08598160743713,
      123.5250837802887,
      121.67033624649048,
      121.3517997264862,
      124.11779832839966,
      121.31677389144897,
      126.59002733230591,
      125.48292469978333,
      118.39989161491394,
      119.80457973480225,
      119.82418251037598,
      120.49951434135437,
      118.71487021446228,
      121.54902672767639,
      118.94176602363586,
      119.38731646537781,
      119.040780544281,
      119.05076837539673,
      120.21027135848999,
      121.5881245136261
    ],
    "metadata": {}
  },
  "HedonicMFG": {
    "algorithm": "HedonicMFG",
    "global_accs": [
      0.7377,
      0.7474,
      0.7492,
      0.7559,
      0.7576,
      0.7628,
      0.7653,
      0.7702,
      0.7721,
      0.7754,
      0.7766,
      0.7803,
      0.782,
      0.7857,
      0.786,
      0.7891,
      0.7907,
      0.7919,
      0.7934,
      0.7934,
      0.7959,
      0.7979,
      0.8005,
      0.8007,
      0.8065,
      0.8054,
      0.8102,
      0.8075,
      0.8122,
      0.8097,
      0.8151,
      0.8111,
      0.8157,
      0.8163,
      0.819,
      0.8188,
      0.821,
      0.8208,
      0.8241
    ],
    "avg_client_accs": [
      0.7036917818474161,
      0.7905636201256182,
      0.8219712365655916,
      0.8420171921021865,
      0.8469673956256807,
      0.8544292552195744,
      0.8529993139002942,
      0.8560923471015691,
      0.850533437583174,
      0.8549182445856789,
      0.8507251044478208,
      0.8536521437290472,
      0.8559743419826067,
      0.8522708282417745,
      0.8572314005939132,
      0.8543641185679514,
      0.8592769575011044,
      0.8527715550522218,
      0.8589655154480036,
      0.8528549229487596,
      0.8574047939606833,
      0.8606493294017007,
      0.856953381589081,
      0.8563360567664724,
      0.8601915245603691,
      0.8525463317356587,
      0.8604242567701131,
      0.8535733194181898,
      0.8585145183183687,
      0.8538651623563897,
      0.8527903478143923,
      0.8549056177789076,
      0.8590520688760124,
      0.8576811593256342,
      0.8544618069167056,
      0.8572281277039544,
      0.858109205766522,
      0.8541373505397765,
      0.8561386516476337
    ],
    "round_times": [
      284.6282489299774,
      289.57080125808716,
      290.7987163066864,
      291.10148549079895,
      289.40139174461365,
      292.89227628707886,
      286.1440951824188,
      285.9978461265564,
      284.9332277774811,
      287.68042516708374,
      471.8608968257904,
      398.3685083389282,
      401.3138265609741,
      398.1507496833801,
      399.89385080337524,
      398.6326732635498,
      410.0207965373993,
      399.4302999973297,
      399.04412841796875,
      399.13577938079834,
      541.9098780155182,
      456.87426805496216,
      463.01121711730957,
      456.7319869995117,
      456.9887681007385,
      458.63969707489014,
      461.288850069046,
      459.87467074394226,
      459.7817883491516,
      460.75199842453003,
      486.4434509277344,
      388.60045289993286,
      386.80009150505066,
      388.81833839416504,
      386.8661162853241,
      388.6885402202606,
      386.92848944664,
      390.34811305999756,
      386.40864300727844
    ],
    "metadata": {}
  }
}