{
  "FedAvg": {
    "algorithm": "FedAvg",
    "global_accs": [
      0.8259,
      0.9584,
      0.9613,
      0.9625,
      0.9606,
      0.949,
      0.9547,
      0.951,
      0.956,
      0.9531,
      0.9492,
      0.9572,
      0.9545,
      0.955,
      0.9545,
      0.9542,
      0.9497,
      0.9555,
      0.9597,
      0.9546,
      0.9549,
      0.9611,
      0.9581,
      0.9561,
      0.9543,
      0.9574,
      0.9571,
      0.961,
      0.9615,
      0.9593,
      0.9618,
      0.9642,
      0.964,
      0.9595,
      0.9625,
      0.9612,
      0.9652,
      0.9607,
      0.9672,
      0.9577,
      0.965,
      0.9601,
      0.9545,
      0.9587,
      0.9611,
      0.9587,
      0.9556,
      0.9568,
      0.9619,
      0.9579
    ],
    "avg_client_accs": [
      0.8430228998394658,
      0.9605163990566336,
      0.9661553199907191,
      0.9674481058532965,
      0.9659178325413702,
      0.9502464641692445,
      0.956490483103058,
      0.9519260844696303,
      0.9578672947283573,
      0.9553208409641936,
      0.9517503624365702,
      0.9610783218023737,
      0.9587285879505225,
      0.9588439735031347,
      0.9581002628851211,
      0.9578000318707138,
      0.9535785532639405,
      0.9607602169694095,
      0.9660634299196597,
      0.958798811853991,
      0.959799070537907,
      0.9669571340134991,
      0.9632860018538911,
      0.9612367628399815,
      0.9601918798921426,
      0.9632312226878122,
      0.9642957194139209,
      0.9691271830397119,
      0.9674641058234444,
      0.9650255227432043,
      0.9657164656378425,
      0.9684893335677456,
      0.9688314820747769,
      0.9657355039719855,
      0.9697212372922172,
      0.9683474587760008,
      0.9688676796580881,
      0.9688358901501074,
      0.9718952108970533,
      0.9653975053449363,
      0.9708027262446608,
      0.967364194154358,
      0.9625751088409119,
      0.9654300318871906,
      0.968629166127616,
      0.9635681355754846,
      0.9626356686175642,
      0.9633910068098773,
      0.9689713285914108,
      0.9633681401546725
    ],
    "round_times": [
      64.21871161460876,
      63.156052350997925,
      62.426724433898926,
      64.10576796531677,
      60.82366394996643,
      63.40882921218872,
      60.54078388214111,
      63.90672850608826,
      64.36696863174438,
      64.87899160385132,
      65.37631821632385,
      64.90949702262878,
      64.14562344551086,
      65.5939929485321,
      68.5059826374054,
      62.68160963058472,
      64.59641122817993,
      61.60357475280762,
      66.15713715553284,
      63.25073313713074,
      64.72206568717957,
      61.00373458862305,
      62.973342418670654,
      64.58794784545898,
      66.34862422943115,
      68.51650309562683,
      68.7984344959259,
      63.95180559158325,
      67.05578470230103,
      64.43167448043823,
      63.42335104942322,
      61.41234827041626,
      63.393288373947144,
      63.10142636299133,
      69.57880973815918,
      66.54892182350159,
      67.21889686584473,
      66.65297722816467,
      67.34317970275879,
      66.5252628326416,
      69.60997152328491,
      65.78802609443665,
      64.37078166007996,
      65.70161318778992,
      65.79181599617004,
      68.69051170349121,
      68.30017447471619,
      66.41806674003601,
      64.98027110099792,
      68.41555833816528
    ],
    "metadata": {}
  },
  "HedonicMFG": {
    "algorithm": "HedonicMFG",
    "global_accs": [
      0.9563,
      0.9613,
      0.9558,
      0.956,
      0.962,
      0.9556,
      0.9532,
      0.9606,
      0.9576,
      0.9525,
      0.9591,
      0.9522,
      0.9538,
      0.9544,
      0.9555,
      0.9553,
      0.9536,
      0.9517,
      0.9527,
      0.9562,
      0.9511,
      0.9529,
      0.9573,
      0.9564,
      0.9542,
      0.9539,
      0.9531,
      0.952,
      0.9513,
      0.9491,
      0.9503,
      0.9518,
      0.9537,
      0.9505,
      0.9503
    ],
    "avg_client_accs": [
      0.9644562787243048,
      0.9621906888488315,
      0.9575322041647205,
      0.9621376875661299,
      0.9626610956076231,
      0.9600285036983489,
      0.958802750783527,
      0.9636197237279287,
      0.9606223230176301,
      0.9573328335179729,
      0.9582926362415204,
      0.9582443609504525,
      0.958712344731383,
      0.9585125215391651,
      0.9631301927916084,
      0.96406733220047,
      0.9621422273536021,
      0.9609515753643934,
      0.9615814014358648,
      0.9613822066665472,
      0.9540570250404175,
      0.958081909213129,
      0.95817699636179,
      0.9596974978980063,
      0.9580713872320217,
      0.9527232130269885,
      0.9598509502590094,
      0.9588589400890928,
      0.9556445181789213,
      0.9546043269399457,
      0.9566463674846176,
      0.9534509393318531,
      0.951866779966867,
      0.9515698120412537,
      0.9494814494849066
    ],
    "round_times": [
      97.8793089389801,
      96.29780077934265,
      95.886150598526,
      96.65440225601196,
      96.92208123207092,
      94.36048364639282,
      95.65717196464539,
      95.78823900222778,
      95.22281789779663,
      93.89670372009277,
      99.23655319213867,
      96.83806467056274,
      97.62469744682312,
      105.68883919715881,
      102.18239951133728,
      101.71501445770264,
      98.70976185798645,
      102.61998534202576,
      97.58114552497864,
      101.15895819664001,
      100.48078656196594,
      101.91502618789673,
      102.30758857727051,
      94.83440923690796,
      92.98620629310608,
      97.556649684906,
      95.43014740943909,
      99.79190516471863,
      98.28290152549744,
      92.36490821838379,
      99.13992595672607,
      90.24885678291321,
      99.51986455917358,
      94.58270978927612,
      91.10659193992615
    ],
    "metadata": {}
  }
}