{
  "FedAvg": {
    "algorithm": "FedAvg",
    "global_accs": [
      0.8259,
      0.9584,
      0.9613,
      0.9625,
      0.9606,
      0.949,
      0.9547,
      0.951,
      0.956,
      0.9531,
      0.9492,
      0.9572,
      0.9545,
      0.955,
      0.9545,
      0.9542,
      0.9497,
      0.9555,
      0.9597,
      0.9546,
      0.9549,
      0.9611,
      0.9581,
      0.9561,
      0.9543,
      0.9574,
      0.9571,
      0.961,
      0.9615,
      0.9593,
      0.9618,
      0.9642,
      0.964,
      0.9595,
      0.9625,
      0.9612,
      0.9652,
      0.9607,
      0.9672,
      0.9577,
      0.965,
      0.9601,
      0.9545,
      0.9587,
      0.9611,
      0.9587,
      0.9556,
      0.9568,
      0.9619,
      0.9579
    ],
    "avg_client_accs": [
      0.8430228998394658,
      0.9605163990566336,
      0.9661553199907191,
      0.9674481058532965,
      0.9659178325413702,
      0.9502464641692445,
      0.956490483103058,
      0.9519260844696303,
      0.9578672947283573,
      0.9553208409641936,
      0.9517503624365702,
      0.9610783218023737,
      0.9587285879505225,
      0.9588439735031347,
      0.9581002628851211,
      0.9578000318707138,
      0.9535785532639405,
      0.9607602169694095,
      0.9660634299196597,
      0.958798811853991,
      0.959799070537907,
      0.9669571340134991,
      0.9632860018538911,
      0.9612367628399815,
      0.9601918798921426,
      0.9632312226878122,
      0.9642957194139209,
      0.9691271830397119,
      0.9674641058234444,
      0.9650255227432043,
      0.9657164656378425,
      0.9684893335677456,
      0.9688314820747769,
      0.9657355039719855,
      0.9697212372922172,
      0.9683474587760008,
      0.9688676796580881,
      0.9688358901501074,
      0.9718952108970533,
      0.9653975053449363,
      0.9708027262446608,
      0.967364194154358,
      0.9625751088409119,
      0.9654300318871906,
      0.968629166127616,
      0.9635681355754846,
      0.9626356686175642,
      0.9633910068098773,
      0.9689713285914108,
      0.9633681401546725
    ],
    "round_times": [
      62.3708553314209,
      61.57666540145874,
      64.06539058685303,
      63.09051728248596,
      62.24677038192749,
      64.64854574203491,
      61.771228313446045,
      61.367274045944214,
      61.86663866043091,
      63.866645097732544,
      62.17712116241455,
      63.59153628349304,
      65.901296377182,
      67.81723237037659,
      67.39071655273438,
      66.8624222278595,
      67.94300937652588,
      69.8620457649231,
      68.08257985115051,
      64.85007762908936,
      70.59732270240784,
      69.57967114448547,
      67.78679537773132,
      67.81148290634155,
      63.517170906066895,
      68.50260639190674,
      66.49597597122192,
      67.12498569488525,
      67.96969151496887,
      64.28215503692627,
      68.41311550140381,
      64.5668089389801,
      64.3011519908905,
      65.89885950088501,
      62.72646903991699,
      66.29641103744507,
      63.197381019592285,
      66.06528806686401,
      61.55490064620972,
      65.93300890922546,
      66.0130524635315,
      65.71507430076599,
      64.64643144607544,
      64.48233008384705,
      63.37777519226074,
      65.18500542640686,
      69.57382154464722,
      67.18087267875671,
      65.28165173530579,
      64.68658685684204
    ],
    "metadata": {}
  },
  "HedonicMFG": {
    "algorithm": "HedonicMFG",
    "global_accs": [
      0.9592,
      0.9563,
      0.9524,
      0.9549,
      0.9598,
      0.9526,
      0.9532,
      0.9571,
      0.9524,
      0.9555,
      0.9553,
      0.955,
      0.9561,
      0.9565,
      0.9535,
      0.9526,
      0.9529,
      0.9522,
      0.9558,
      0.9509,
      0.9527,
      0.9504,
      0.9498,
      0.9506,
      0.9517,
      0.9484,
      0.9509,
      0.95,
      0.9504,
      0.9494,
      0.9468,
      0.9505,
      0.9485,
      0.9528,
      0.9495
    ],
    "avg_client_accs": [
      0.9553159159790224,
      0.961053257578274,
      0.95892230271777,
      0.9507134181699065,
      0.956657122654612,
      0.9568246434068508,
      0.9496742367008132,
      0.9552057181268421,
      0.9487215540702728,
      0.9489472853812695,
      0.9519218331790411,
      0.9469925191774522,
      0.9499305163440382,
      0.9507514347622811,
      0.949389744180564,
      0.9460513593874362,
      0.9442411631282329,
      0.9438574173285106,
      0.9482765993927014,
      0.9456970146898753,
      0.9445454306255987,
      0.9400140335872516,
      0.9399042978112858,
      0.9448698632725524,
      0.9445786738986367,
      0.9446516327854715,
      0.9452391033117571,
      0.9420880805122819,
      0.9467492234970637,
      0.9441281122422044,
      0.9403933115325703,
      0.9495961222593342,
      0.9444419609955826,
      0.9445247380910236,
      0.9445872490410292
    ],
    "round_times": [
      93.25305104255676,
      96.64336323738098,
      90.21003317832947,
      88.08080434799194,
      89.24059128761292,
      94.02729654312134,
      98.88374066352844,
      93.20396733283997,
      94.97288417816162,
      92.5217661857605,
      94.85261535644531,
      93.66368770599365,
      87.85404229164124,
      93.42765140533447,
      89.25161552429199,
      88.65569353103638,
      93.76422667503357,
      90.04040122032166,
      87.82625436782837,
      88.83555054664612,
      91.8535385131836,
      87.78343915939331,
      88.83577346801758,
      85.85043668746948,
      88.07805728912354,
      93.85232424736023,
      88.11593842506409,
      86.57371616363525,
      90.80022931098938,
      85.44239091873169,
      91.6272075176239,
      93.21596264839172,
      89.98590016365051,
      91.56948757171631,
      98.05755281448364
    ],
    "metadata": {}
  }
}