{
  "FedAvg": {
    "algorithm": "FedAvg",
    "global_accs": [
      0.4367,
      0.834,
      0.9055,
      0.9186,
      0.9418,
      0.9455,
      0.9443,
      0.9557,
      0.9568,
      0.9616,
      0.9586,
      0.9578,
      0.9654,
      0.9626,
      0.9658,
      0.9601,
      0.9646,
      0.9625,
      0.9623,
      0.9588,
      0.9615,
      0.9605,
      0.966,
      0.9594,
      0.9662,
      0.9557,
      0.9639,
      0.9625,
      0.9597,
      0.9536,
      0.9537,
      0.9623,
      0.9656,
      0.9572,
      0.9631,
      0.9505,
      0.9534,
      0.954,
      0.9491,
      0.9485,
      0.952,
      0.9442,
      0.9453,
      0.9393,
      0.9373,
      0.9301,
      0.914,
      0.9065,
      0.8983,
      0.877
    ],
    "avg_client_accs": [
      0.4071824039756766,
      0.7932756124816986,
      0.8916483767386767,
      0.898585469675153,
      0.9292647928985707,
      0.9316352357726542,
      0.9282781395107363,
      0.9432170992059483,
      0.9434549280084894,
      0.949724685227484,
      0.945854207338033,
      0.945469460809853,
      0.952419522720192,
      0.9491100257142169,
      0.9567321926365109,
      0.945785840404682,
      0.9529861113785062,
      0.9509376072275575,
      0.9554389471688264,
      0.9471947297963161,
      0.9475200937714717,
      0.9490016740199609,
      0.958018552981366,
      0.9507645845392638,
      0.9580147835123741,
      0.9439639023135665,
      0.957357526233859,
      0.9550310169437909,
      0.9478164250184891,
      0.9439967010655252,
      0.9456364873909451,
      0.9535081530486957,
      0.9601559262787273,
      0.9489621085742401,
      0.9553267249121771,
      0.9449904532737505,
      0.9478654171662955,
      0.946223455743274,
      0.9456151131141285,
      0.9433677562319577,
      0.9484110342173766,
      0.9420561059339582,
      0.9405913968771404,
      0.9360801600304736,
      0.9365901104076968,
      0.9252050724695172,
      0.911822700815161,
      0.9073386374148826,
      0.8890896375153957,
      0.8579104996275951
    ],
    "round_times": [
      67.88636183738708,
      68.82108092308044,
      68.30905413627625,
      68.30394077301025,
      66.90106844902039,
      65.80570864677429,
      66.29133033752441,
      65.90039277076721,
      66.10245251655579,
      68.80200672149658,
      68.43656492233276,
      71.75301027297974,
      66.87531995773315,
      66.58663702011108,
      67.10985660552979,
      68.61792635917664,
      65.89388680458069,
      71.38331890106201,
      66.38812279701233,
      66.33941888809204,
      68.36754250526428,
      66.4729118347168,
      70.06897640228271,
      66.59380650520325,
      66.31486344337463,
      66.22908568382263,
      71.21024227142334,
      66.19679069519043,
      67.03814911842346,
      65.67711067199707,
      70.47155046463013,
      66.67620086669922,
      74.02562355995178,
      66.26993870735168,
      65.92533373832703,
      68.05030512809753,
      66.68379426002502,
      68.5222578048706,
      72.25326824188232,
      65.56957578659058,
      68.96023392677307,
      69.4354920387268,
      74.3719470500946,
      67.16746616363525,
      66.2299792766571,
      66.3766188621521,
      66.0896418094635,
      66.1264078617096,
      66.64997005462646,
      65.68991827964783
    ],
    "metadata": {}
  },
  "HedonicMFG": {
    "algorithm": "HedonicMFG",
    "global_accs": [
      0.9637,
      0.9639,
      0.9652,
      0.9647,
      0.9641,
      0.9704,
      0.9634,
      0.9671,
      0.9634,
      0.9676,
      0.9679,
      0.9661,
      0.9659,
      0.9687,
      0.9681,
      0.9654,
      0.9674,
      0.9688,
      0.9648,
      0.9678,
      0.9652,
      0.9696,
      0.964,
      0.963,
      0.9649,
      0.9594,
      0.9538,
      0.9541,
      0.9539,
      0.9521,
      0.9445,
      0.9363,
      0.9351,
      0.9304,
      0.9253
    ],
    "avg_client_accs": [
      0.9482871441016709,
      0.93021726633426,
      0.9365175803491658,
      0.9396504566838729,
      0.9425165306325081,
      0.9428293057389526,
      0.9422905864237974,
      0.9294653095241875,
      0.9242387864277344,
      0.9406793389945797,
      0.9335579472285394,
      0.9317758669831118,
      0.9430043872865781,
      0.953201291434749,
      0.938805824359292,
      0.9283909819667027,
      0.9268144706315317,
      0.9414512147409144,
      0.9185625553869798,
      0.9321402115482675,
      0.9424451406882067,
      0.9341545004200762,
      0.9283688820613731,
      0.9245792352114066,
      0.9280244459326408,
      0.9099189814451604,
      0.9089285704208219,
      0.903981623265722,
      0.8969431948125486,
      0.8972320025513791,
      0.881619283979137,
      0.8874272213540838,
      0.8684598520260562,
      0.8881271304610397,
      0.8876706851177261
    ],
    "round_times": [
      98.83099055290222,
      98.98609447479248,
      98.99890279769897,
      97.6986677646637,
      99.44832444190979,
      97.93133044242859,
      98.06105279922485,
      97.63221955299377,
      97.57079935073853,
      98.09404611587524,
      102.69059419631958,
      101.97312617301941,
      97.96128034591675,
      100.10987687110901,
      97.50329303741455,
      101.33553266525269,
      98.61678123474121,
      96.87912201881409,
      97.4574065208435,
      99.25714087486267,
      98.50597739219666,
      109.0941526889801,
      106.9272620677948,
      97.4794569015503,
      100.71768403053284,
      101.1432797908783,
      98.9845666885376,
      97.58968734741211,
      97.62891149520874,
      96.06616926193237,
      101.65833330154419,
      98.34774994850159,
      97.9756908416748,
      99.13848757743835,
      98.81863737106323
    ],
    "metadata": {}
  }
}