{
  "FedAvg": {
    "algorithm": "FedAvg",
    "global_accs": [
      0.8259,
      0.9584,
      0.9613,
      0.9625,
      0.9606,
      0.949,
      0.9547,
      0.951,
      0.956,
      0.9531,
      0.9492,
      0.9572,
      0.9545,
      0.955,
      0.9545,
      0.9542,
      0.9497,
      0.9555,
      0.9597,
      0.9546,
      0.9549,
      0.9611,
      0.9581,
      0.9561,
      0.9543,
      0.9574,
      0.9571,
      0.961,
      0.9615,
      0.9593,
      0.9618,
      0.9642,
      0.964,
      0.9595,
      0.9625,
      0.9612,
      0.9652,
      0.9607,
      0.9672,
      0.9577,
      0.965,
      0.9601,
      0.9545,
      0.9587,
      0.9611,
      0.9587,
      0.9556,
      0.9568,
      0.9619,
      0.9579
    ],
    "avg_client_accs": [
      0.8430228998394658,
      0.9605163990566336,
      0.9661553199907191,
      0.9674481058532965,
      0.9659178325413702,
      0.9502464641692445,
      0.956490483103058,
      0.9519260844696303,
      0.9578672947283573,
      0.9553208409641936,
      0.9517503624365702,
      0.9610783218023737,
      0.9587285879505225,
      0.9588439735031347,
      0.9581002628851211,
      0.9578000318707138,
      0.9535785532639405,
      0.9607602169694095,
      0.9660634299196597,
      0.958798811853991,
      0.959799070537907,
      0.9669571340134991,
      0.9632860018538911,
      0.9612367628399815,
      0.9601918798921426,
      0.9632312226878122,
      0.9642957194139209,
      0.9691271830397119,
      0.9674641058234444,
      0.9650255227432043,
      0.9657164656378425,
      0.9684893335677456,
      0.9688314820747769,
      0.9657355039719855,
      0.9697212372922172,
      0.9683474587760008,
      0.9688676796580881,
      0.9688358901501074,
      0.9718952108970533,
      0.9653975053449363,
      0.9708027262446608,
      0.967364194154358,
      0.9625751088409119,
      0.9654300318871906,
      0.968629166127616,
      0.9635681355754846,
      0.9626356686175642,
      0.9633910068098773,
      0.9689713285914108,
      0.9633681401546725
    ],
    "round_times": [
      62.78378510475159,
      63.10349702835083,
      63.68716764450073,
      62.702348947525024,
      62.866820096969604,
      68.8256950378418,
      66.44963312149048,
      67.9020369052887,
      62.45655846595764,
      68.14522123336792,
      65.46647453308105,
      68.66940259933472,
      68.3426902294159,
      63.25939726829529,
      66.46409845352173,
      62.88405466079712,
      65.19902324676514,
      66.91526913642883,
      62.21348237991333,
      63.1180145740509,
      61.95796036720276,
      66.90927267074585,
      63.51121520996094,
      65.33676028251648,
      61.826475858688354,
      63.22845506668091,
      64.92209243774414,
      61.31574869155884,
      61.55198526382446,
      62.76996350288391,
      61.237239837646484,
      62.26433515548706,
      62.455129861831665,
      65.45856761932373,
      63.69458365440369,
      63.22718620300293,
      63.89357900619507,
      63.56621170043945,
      61.60874056816101,
      66.20411586761475,
      64.66730046272278,
      64.70805549621582,
      66.92419910430908,
      67.94492220878601,
      64.60213160514832,
      66.30142283439636,
      64.07657814025879,
      66.26722025871277,
      62.09948182106018,
      67.17457842826843
    ],
    "metadata": {}
  },
  "HedonicMFG": {
    "algorithm": "HedonicMFG",
    "global_accs": [
      0.9525,
      0.9596,
      0.9558,
      0.953,
      0.9541,
      0.9606,
      0.9567,
      0.9575,
      0.9496,
      0.9579,
      0.9561,
      0.9569,
      0.9569,
      0.9593,
      0.9623,
      0.9567,
      0.9568,
      0.9583,
      0.9592,
      0.9614,
      0.9609,
      0.9613,
      0.9635,
      0.9628,
      0.9647,
      0.9605,
      0.9641,
      0.9588,
      0.9621,
      0.962,
      0.9622,
      0.9629,
      0.9598,
      0.9621,
      0.9578
    ],
    "avg_client_accs": [
      0.9547260523443837,
      0.9680675262953251,
      0.9579570815347674,
      0.9593591183848617,
      0.9608786750922617,
      0.9656899701728616,
      0.9582801164961946,
      0.9568582593615618,
      0.9544016479947015,
      0.9586190106625534,
      0.9532193163256831,
      0.9574542309182592,
      0.9583244033568832,
      0.9576655686904314,
      0.9604898528176073,
      0.9535554253651615,
      0.9576383462993399,
      0.9577914631665422,
      0.9604657586379112,
      0.9583895482438363,
      0.9603210954354463,
      0.9541737607117611,
      0.9563148623349141,
      0.9583047459830552,
      0.9604534704174192,
      0.9595882839989841,
      0.9598010182256372,
      0.9573130150883143,
      0.9583452161224081,
      0.958235274819919,
      0.9580329595664031,
      0.9604435411956649,
      0.9581234000976124,
      0.9613369047402592,
      0.95300494606527
    ],
    "round_times": [
      98.29136657714844,
      93.36665034294128,
      96.97074151039124,
      94.25795292854309,
      89.79344820976257,
      86.51555705070496,
      90.89770126342773,
      90.70257902145386,
      91.46951484680176,
      92.21261239051819,
      95.97736406326294,
      94.65219116210938,
      93.18488144874573,
      91.20998215675354,
      99.38727569580078,
      91.97249150276184,
      93.23227047920227,
      87.5781021118164,
      86.46913957595825,
      87.22110366821289,
      89.24203157424927,
      86.94101929664612,
      88.53286671638489,
      91.00530982017517,
      91.1850893497467,
      88.0449960231781,
      92.34386539459229,
      90.25784015655518,
      90.19427394866943,
      90.73847937583923,
      92.80533719062805,
      89.80656838417053,
      88.62551736831665,
      88.93597173690796,
      85.9404718875885
    ],
    "metadata": {}
  }
}