{
  "FedAvg": {
    "algorithm": "FedAvg",
    "global_accs": [
      0.6248,
      0.726,
      0.7608,
      0.7931,
      0.8114,
      0.8191,
      0.8331,
      0.8324,
      0.8436,
      0.8452,
      0.8497,
      0.8516,
      0.8514,
      0.8582,
      0.8596,
      0.8606,
      0.8643,
      0.8642,
      0.8633,
      0.8685,
      0.8751,
      0.8729,
      0.8731,
      0.8775,
      0.8765,
      0.8803,
      0.8805,
      0.8805,
      0.8847,
      0.8842,
      0.885,
      0.8807,
      0.8863,
      0.8866,
      0.8877,
      0.8878,
      0.8917,
      0.8877,
      0.892,
      0.8941,
      0.8919,
      0.8909,
      0.8961,
      0.8949,
      0.8921,
      0.8958,
      0.8969,
      0.8977,
      0.8963,
      0.8964
    ],
    "avg_client_accs": [
      0.6116056339912974,
      0.724182558823707,
      0.7636610094362399,
      0.7946261797066655,
      0.8112554383900589,
      0.8176250460378759,
      0.8327611269064376,
      0.8338708266477856,
      0.8487490317729227,
      0.8466757541319015,
      0.8543840541838972,
      0.8533617327389198,
      0.8554269818385615,
      0.8623001916672635,
      0.8677915603929665,
      0.8702356640904991,
      0.8697540669912052,
      0.8705961349578795,
      0.8676907654524986,
      0.8706467716596891,
      0.87950826339821,
      0.8762902049586699,
      0.8745809420835879,
      0.8784457037355917,
      0.8813049519088493,
      0.8846153967613762,
      0.8811554274180334,
      0.8859042937172568,
      0.8862389237449882,
      0.8897908110201614,
      0.8880043682490936,
      0.8855717464676317,
      0.8884349905119573,
      0.8920030927128663,
      0.8906317252056273,
      0.892291563996786,
      0.8959440845634485,
      0.891759148299734,
      0.8937759243512062,
      0.8952644107368165,
      0.8957492133105667,
      0.8930634609634753,
      0.8995596779782111,
      0.8935708858141014,
      0.8939943047050447,
      0.8975549842215352,
      0.8970236611770008,
      0.898130716128477,
      0.8979731120500276,
      0.8985490928856938
    ],
    "round_times": [
      33.910457611083984,
      34.55338430404663,
      31.654489278793335,
      25.72395896911621,
      23.412931203842163,
      23.204859495162964,
      23.728222846984863,
      24.173938274383545,
      25.763289213180542,
      25.479382038116455,
      25.01348114013672,
      25.01087784767151,
      25.16382122039795,
      25.096373796463013,
      24.04728889465332,
      24.922643184661865,
      25.820209503173828,
      24.652419090270996,
      24.978421688079834,
      25.1959011554718,
      25.19715905189514,
      25.316782474517822,
      25.576773643493652,
      24.856988430023193,
      25.03109335899353,
      25.461738348007202,
      26.16034507751465,
      26.076223134994507,
      25.05720543861389,
      25.7811541557312,
      24.886967658996582,
      24.976622104644775,
      24.458228826522827,
      25.396870851516724,
      24.860307455062866,
      25.095580339431763,
      24.90682077407837,
      26.8485050201416,
      27.220381259918213,
      26.74441885948181,
      27.24111580848694,
      27.585988759994507,
      26.887661695480347,
      27.489766359329224,
      27.243221044540405,
      27.791728973388672,
      27.781543493270874,
      27.387928247451782,
      28.274313926696777,
      27.244821786880493
    ],
    "metadata": {}
  },
  "HedonicMFG": {
    "algorithm": "HedonicMFG",
    "global_accs": [
      0.8472,
      0.8512,
      0.8536,
      0.8597,
      0.8546,
      0.8654,
      0.8635,
      0.8691,
      0.8642,
      0.8703,
      0.8649,
      0.872,
      0.8707,
      0.8734,
      0.8745,
      0.8735,
      0.8776,
      0.8763,
      0.8789,
      0.8804,
      0.8782,
      0.8823,
      0.8828,
      0.8813,
      0.8827,
      0.8806,
      0.8841,
      0.8809,
      0.8834,
      0.8843,
      0.8873,
      0.888,
      0.8846,
      0.8843,
      0.8872,
      0.8856,
      0.8869,
      0.8868,
      0.8855
    ],
    "avg_client_accs": [
      0.9168653631424485,
      0.9199940429850761,
      0.9138237189779701,
      0.9168605429081575,
      0.9145989172142374,
      0.9162442620171161,
      0.9124552428410986,
      0.9183955558565462,
      0.905517151376816,
      0.9112651165640996,
      0.9078003553627274,
      0.9079171984625802,
      0.9091760733766826,
      0.9120286643610458,
      0.9108055290875308,
      0.9063522927172556,
      0.9094628180075677,
      0.9061028883184683,
      0.9117047978880569,
      0.906873793692738,
      0.9134798473574415,
      0.9124167209461426,
      0.9102926108669491,
      0.9004814460449266,
      0.909394568069081,
      0.9060432008656244,
      0.9006890056762096,
      0.9009843946739062,
      0.9056367687379193,
      0.9111549658083267,
      0.9105917093905319,
      0.9094328294107573,
      0.9097262079168269,
      0.9058119399270158,
      0.904816109334311,
      0.9065065342877558,
      0.9078283516034051,
      0.9048240853598999,
      0.9071924716493044
    ],
    "round_times": [
      42.256324768066406,
      45.9692747592926,
      41.673962354660034,
      40.47822570800781,
      39.92756676673889,
      40.42593574523926,
      40.380807638168335,
      40.40974402427673,
      41.51054263114929,
      40.320143938064575,
      46.33847427368164,
      41.61844873428345,
      42.27533531188965,
      42.38441038131714,
      41.71359610557556,
      43.73506259918213,
      42.48413157463074,
      42.86478638648987,
      41.914450883865356,
      42.45567727088928,
      45.871928215026855,
      43.185675621032715,
      43.06522750854492,
      47.1730682849884,
      45.13280177116394,
      45.82121181488037,
      47.969069480895996,
      46.564440965652466,
      46.14072227478027,
      45.165783405303955,
      45.24741744995117,
      43.329301595687866,
      41.89148187637329,
      42.14158487319946,
      42.47587776184082,
      44.73861265182495,
      44.20612144470215,
      42.59296107292175,
      42.61865592002869
    ],
    "metadata": {}
  }
}