{
  "FedAvg": {
    "algorithm": "FedAvg",
    "global_accs": [
      0.4589,
      0.5073,
      0.5998,
      0.6553,
      0.6906,
      0.7008,
      0.7227,
      0.7279,
      0.7366,
      0.7424,
      0.749,
      0.7523,
      0.7564,
      0.7649,
      0.7651,
      0.7736,
      0.7756,
      0.7801,
      0.7824,
      0.7866,
      0.7893,
      0.7935,
      0.7956,
      0.7995,
      0.8005,
      0.8027,
      0.8062,
      0.8091,
      0.8118,
      0.8139,
      0.8166,
      0.8181,
      0.8214,
      0.822,
      0.8241,
      0.8242,
      0.8262,
      0.8282,
      0.8307,
      0.8316,
      0.8313,
      0.8347,
      0.8347,
      0.837,
      0.8391,
      0.8389,
      0.8408,
      0.842,
      0.843,
      0.8447
    ],
    "avg_client_accs": [
      0.45937019239730925,
      0.508567006531803,
      0.6201489161190638,
      0.6770442834695636,
      0.7067620600233658,
      0.7185841943282302,
      0.7340202928558335,
      0.7409760647375359,
      0.7510243273588587,
      0.7574675393131947,
      0.7676625973170358,
      0.771643681862636,
      0.7774794945119624,
      0.7805768292947504,
      0.7842781686876048,
      0.7888758256730715,
      0.7964884575298635,
      0.7999116916648082,
      0.8023262702291937,
      0.8057741410875767,
      0.8049947882920067,
      0.813483270980415,
      0.8122112157687504,
      0.8185012016777181,
      0.820712650961982,
      0.8233182315180767,
      0.826619917677202,
      0.8263899905888977,
      0.8294559453918134,
      0.8344591809603557,
      0.8329139743935433,
      0.8351423103823212,
      0.8392467668982116,
      0.8419737839728583,
      0.840098431151485,
      0.8427210664468984,
      0.8413436143537031,
      0.8464845994713648,
      0.8448312883172853,
      0.8465148411554165,
      0.8494189690600781,
      0.8497889557167052,
      0.8520426146529723,
      0.8543245362788605,
      0.8553945430873274,
      0.8555481266959303,
      0.8554923578888204,
      0.8562978381846457,
      0.8590958218726585,
      0.8577617587434679
    ],
    "round_times": [
      81.84432125091553,
      85.45108032226562,
      89.45570158958435,
      89.35007357597351,
      88.33342051506042,
      89.38991284370422,
      94.38527178764343,
      89.04163646697998,
      89.61588716506958,
      87.54892587661743,
      90.95613312721252,
      90.47105288505554,
      91.85938024520874,
      89.1565568447113,
      90.92287683486938,
      89.31401801109314,
      91.28632807731628,
      94.5383529663086,
      95.83858966827393,
      93.66250824928284,
      95.4307074546814,
      94.10157585144043,
      93.59926390647888,
      93.42523694038391,
      92.51241254806519,
      95.20080208778381,
      92.5400562286377,
      92.43309688568115,
      91.70851612091064,
      90.32112336158752,
      91.08910942077637,
      91.77849173545837,
      92.23493504524231,
      92.20343661308289,
      91.5555272102356,
      92.45057487487793,
      91.04476308822632,
      93.57058119773865,
      92.25982642173767,
      94.06786775588989,
      94.11837935447693,
      93.16796445846558,
      91.79289412498474,
      91.96897435188293,
      93.03802227973938,
      95.28102445602417,
      94.40610694885254,
      95.63456273078918,
      94.99717020988464,
      92.7004804611206
    ],
    "metadata": {}
  },
  "HedonicMFG": {
    "algorithm": "HedonicMFG",
    "global_accs": [
      0.7577,
      0.7519,
      0.7666,
      0.7624,
      0.7742,
      0.7689,
      0.7804,
      0.7769,
      0.7854,
      0.7839,
      0.7913,
      0.7929,
      0.7977,
      0.799,
      0.8035,
      0.8037,
      0.8069,
      0.8092,
      0.8115,
      0.8148,
      0.8167,
      0.8186,
      0.8196,
      0.8224,
      0.8231,
      0.826,
      0.8273,
      0.8284,
      0.8293,
      0.8299,
      0.8315,
      0.8328,
      0.8342,
      0.8352,
      0.8361,
      0.8371,
      0.8389,
      0.84,
      0.8409
    ],
    "avg_client_accs": [
      0.7378016988174801,
      0.8113612743403993,
      0.8323895832937821,
      0.8433878154269413,
      0.8467548229742474,
      0.8488058784378448,
      0.856431484424036,
      0.8527808611176453,
      0.8581546294427447,
      0.8591635513883004,
      0.8591065088236824,
      0.8608895244649541,
      0.8630492558646392,
      0.8613536032061404,
      0.8634892305028075,
      0.8616893965372799,
      0.8673131416847781,
      0.864121697676933,
      0.8664224181818376,
      0.862948654953908,
      0.8688175680894814,
      0.8739743605245648,
      0.8625654749724035,
      0.8684759309605342,
      0.8710595204414854,
      0.8677795360480642,
      0.8702587187803043,
      0.8801471549923571,
      0.8711093257320666,
      0.8753884705576437,
      0.8740868711295207,
      0.8791539671445442,
      0.8742616305788772,
      0.8767449233351439,
      0.878035927151624,
      0.8757923848532859,
      0.8794356048176568,
      0.8847478815564077,
      0.8822528769033632
    ],
    "round_times": [
      205.46816182136536,
      215.7552134990692,
      208.12006998062134,
      201.7124674320221,
      198.9154121875763,
      202.3198893070221,
      205.48539447784424,
      205.61583614349365,
      209.7000274658203,
      209.37352466583252,
      316.7949721813202,
      271.5332250595093,
      267.3899323940277,
      269.8124737739563,
      269.76294898986816,
      268.3549768924713,
      268.23468947410583,
      273.64525413513184,
      270.7341320514679,
      273.28007459640503,
      374.73919439315796,
      323.64600896835327,
      324.44914507865906,
      321.87127590179443,
      322.9162666797638,
      325.45588421821594,
      324.54408717155457,
      324.29462218284607,
      324.6939778327942,
      323.46647596359253,
      311.96816873550415,
      267.89976596832275,
      270.54880237579346,
      271.1376049518585,
      269.63835287094116,
      270.5826382637024,
      274.44897961616516,
      269.7386257648468,
      269.8534309864044
    ],
    "metadata": {}
  }
}