{
  "FedAvg": {
    "algorithm": "FedAvg",
    "global_accs": [
      0.5747,
      0.6838,
      0.7147,
      0.7528,
      0.7647,
      0.7808,
      0.793,
      0.8031,
      0.8159,
      0.8209,
      0.8289,
      0.8323,
      0.8387,
      0.8442,
      0.8482,
      0.8489,
      0.8527,
      0.8561,
      0.8566,
      0.8602,
      0.8592,
      0.8618,
      0.865,
      0.8657,
      0.8652,
      0.8673,
      0.8673,
      0.8695,
      0.8712,
      0.8711,
      0.8759,
      0.8712,
      0.8753,
      0.8745,
      0.8784,
      0.8763,
      0.8785,
      0.8771,
      0.8798,
      0.8797,
      0.8813,
      0.885,
      0.8832,
      0.8827,
      0.8837,
      0.8856,
      0.8855,
      0.8854,
      0.8878,
      0.8883
    ],
    "avg_client_accs": [
      0.5701650816550969,
      0.6562139592017808,
      0.704723482449172,
      0.7349595727224487,
      0.755025278308519,
      0.774498882635603,
      0.7893901625750456,
      0.798136921832437,
      0.8122226425418049,
      0.8187383227673799,
      0.8242726027516921,
      0.8284461834191491,
      0.8326179009483612,
      0.8379813459585354,
      0.8422183042168607,
      0.8447104544911204,
      0.84601400842594,
      0.8499484254752414,
      0.8503596064635948,
      0.8504931807623455,
      0.853217560852362,
      0.8568246768319071,
      0.8576880255764191,
      0.862039338901974,
      0.8658012840470459,
      0.8655035621138956,
      0.8670163043013002,
      0.868199378260069,
      0.871495157818503,
      0.8708699567179747,
      0.8758464493029916,
      0.8725626613971883,
      0.8740437606658557,
      0.8763545922278233,
      0.8749968237514538,
      0.8757176953940322,
      0.8782647496553032,
      0.8773393636994952,
      0.8808598144085341,
      0.8815235726764961,
      0.8819316149363805,
      0.8799733639197569,
      0.8804873639748058,
      0.8832684449387201,
      0.8822033380824118,
      0.8810259548151013,
      0.8858274695655348,
      0.8840367290109468,
      0.885524184408383,
      0.8869119061729863
    ],
    "round_times": [
      30.16873264312744,
      30.86805272102356,
      31.294867515563965,
      30.528975009918213,
      29.94526696205139,
      30.520162343978882,
      30.182741165161133,
      30.26509118080139,
      30.123124599456787,
      30.760898113250732,
      30.404616117477417,
      30.643783807754517,
      30.521778106689453,
      30.198950052261353,
      30.6322021484375,
      30.553774118423462,
      30.03947424888611,
      30.271225452423096,
      31.321160793304443,
      30.90810251235962,
      31.3173770904541,
      30.98576807975769,
      30.74099349975586,
      30.91842484474182,
      30.589284420013428,
      30.600035905838013,
      31.30097770690918,
      31.451443672180176,
      30.959253787994385,
      30.845356702804565,
      30.743385553359985,
      30.682498455047607,
      30.404927968978882,
      30.64781093597412,
      31.446275234222412,
      30.62892723083496,
      30.60265350341797,
      30.573728561401367,
      31.089423418045044,
      31.15049171447754,
      30.355467557907104,
      30.948054790496826,
      30.346115827560425,
      30.60852599143982,
      30.752734184265137,
      30.649389505386353,
      31.03394341468811,
      30.841285705566406,
      31.256994009017944,
      31.105483531951904
    ],
    "metadata": {}
  },
  "HedonicMFG": {
    "algorithm": "HedonicMFG",
    "global_accs": [
      0.8502,
      0.8516,
      0.8537,
      0.8576,
      0.858,
      0.8607,
      0.8603,
      0.8614,
      0.8637,
      0.8662,
      0.8658,
      0.87,
      0.8686,
      0.8697,
      0.8719,
      0.8705,
      0.8711,
      0.8745,
      0.8753,
      0.8756,
      0.8771,
      0.8744,
      0.8774,
      0.877,
      0.8789,
      0.8775,
      0.8794,
      0.8795,
      0.8788,
      0.8811,
      0.8813,
      0.8816,
      0.883,
      0.8833,
      0.884
    ],
    "avg_client_accs": [
      0.8783144916883042,
      0.8936071057116386,
      0.9015827039496823,
      0.8963673630436464,
      0.8987836236641167,
      0.8972217237345477,
      0.8997023082506865,
      0.9002964999208558,
      0.8934562976552964,
      0.898819470757234,
      0.8957971168813097,
      0.8982004545493008,
      0.89889467411774,
      0.9027673827612561,
      0.9024409248175222,
      0.8925988415232948,
      0.9000731268456141,
      0.8958634804807162,
      0.9034920140388605,
      0.8994943297478466,
      0.9000556419145246,
      0.8966971809594793,
      0.8989293179136691,
      0.9017139198065728,
      0.8998427691512905,
      0.8952985579575513,
      0.898692248548245,
      0.8954677730125502,
      0.8985572929774361,
      0.89473489891244,
      0.9027717389059777,
      0.9001739598346242,
      0.897555527703099,
      0.8992863987817655,
      0.8981389952068752
    ],
    "round_times": [
      49.232616901397705,
      49.541914224624634,
      49.54031777381897,
      49.466235637664795,
      49.498042345047,
      49.74642491340637,
      50.16636824607849,
      50.38012504577637,
      50.079814434051514,
      49.574398040771484,
      56.90630745887756,
      51.90601062774658,
      52.56400680541992,
      52.70275068283081,
      52.34691333770752,
      53.11273527145386,
      52.77527117729187,
      52.4336416721344,
      52.68685603141785,
      51.568270444869995,
      59.30912756919861,
      54.422956466674805,
      55.784682750701904,
      56.125020265579224,
      57.06798768043518,
      54.04671549797058,
      54.59399175643921,
      53.67538022994995,
      54.04967904090881,
      54.85609698295593,
      59.80881977081299,
      54.763521671295166,
      54.127394676208496,
      55.4031777381897,
      54.5915105342865
    ],
    "metadata": {}
  }
}