{
  "FedAvg": {
    "algorithm": "FedAvg",
    "global_accs": [
      0.4729,
      0.5929,
      0.6773,
      0.7094,
      0.7266,
      0.7207,
      0.7406,
      0.7316,
      0.754,
      0.7535,
      0.7707,
      0.7639,
      0.7755,
      0.7734,
      0.784,
      0.7772,
      0.783,
      0.7859,
      0.7872,
      0.7868,
      0.7921,
      0.7904,
      0.7952,
      0.7957,
      0.8024,
      0.8008,
      0.8098,
      0.7996,
      0.8129,
      0.8076,
      0.8179,
      0.809,
      0.8251,
      0.8202,
      0.8332,
      0.8283,
      0.8368,
      0.8326,
      0.8366,
      0.8335,
      0.8339,
      0.8378,
      0.8374,
      0.842,
      0.838,
      0.8425,
      0.8472,
      0.8413,
      0.8511,
      0.8401
    ],
    "avg_client_accs": [
      0.4785396127666243,
      0.5473928247119505,
      0.6639935141511055,
      0.6712574524312983,
      0.7085888949433802,
      0.6811153153238355,
      0.7335185452478911,
      0.7013509597961576,
      0.748725471123952,
      0.7182598635827109,
      0.7678102385456071,
      0.7353746230461236,
      0.7797846252566373,
      0.7439563333489557,
      0.7825990631069057,
      0.7486265242998535,
      0.7869537121739235,
      0.7592765215507351,
      0.790761498660471,
      0.7574514422648437,
      0.7863555543669785,
      0.7693531665595444,
      0.7992871796120188,
      0.7713414035423432,
      0.8100311154806785,
      0.7790167546633954,
      0.8178645856399459,
      0.7732440104566011,
      0.8211521219398081,
      0.785215217582439,
      0.8260692091549118,
      0.7934359913880796,
      0.8277000664381354,
      0.8114180399900699,
      0.8308869383133347,
      0.8169878782152018,
      0.8306363524773059,
      0.8233397039169331,
      0.8335719925015603,
      0.8279205148034423,
      0.8324645350569208,
      0.8312026706732862,
      0.8380490298174703,
      0.832780786241911,
      0.8364653313844392,
      0.8275587189439753,
      0.840655229174329,
      0.8354169675092293,
      0.8460253534587616,
      0.8346674537266023
    ],
    "round_times": [
      32.22860503196716,
      32.29870939254761,
      32.828983545303345,
      32.74375605583191,
      33.00854778289795,
      32.244162797927856,
      32.53431963920593,
      32.41260766983032,
      32.164389848709106,
      31.516153573989868,
      31.936965703964233,
      32.18439745903015,
      32.48454976081848,
      32.196537494659424,
      33.24604535102844,
      32.46437478065491,
      32.586841344833374,
      31.825146198272705,
      31.573242664337158,
      31.549400329589844,
      31.421693325042725,
      32.43384575843811,
      31.317630767822266,
      31.159639358520508,
      31.7886061668396,
      32.19497799873352,
      32.689138889312744,
      32.37073731422424,
      33.10819864273071,
      32.12951040267944,
      32.3974392414093,
      31.8077552318573,
      31.679908275604248,
      31.68622136116028,
      31.69084596633911,
      32.16659712791443,
      31.413516998291016,
      32.29758429527283,
      31.808261394500732,
      33.195109367370605,
      32.31143116950989,
      32.77160835266113,
      31.532254934310913,
      32.211698055267334,
      31.41656231880188,
      32.074851751327515,
      32.08983039855957,
      31.953744888305664,
      32.08834481239319,
      31.644579887390137
    ],
    "metadata": {}
  },
  "HedonicMFG": {
    "algorithm": "HedonicMFG",
    "global_accs": [
      0.7401,
      0.7877,
      0.731,
      0.7882,
      0.7318,
      0.7932,
      0.7454,
      0.7982,
      0.752,
      0.7944,
      0.7529,
      0.793,
      0.756,
      0.7866,
      0.7505,
      0.7924,
      0.75,
      0.7909,
      0.7567,
      0.7861,
      0.761,
      0.7907,
      0.7673,
      0.793,
      0.7641,
      0.7936,
      0.76,
      0.7929,
      0.7708,
      0.7997,
      0.7765,
      0.7921,
      0.7751,
      0.801,
      0.7804
    ],
    "avg_client_accs": [
      0.834944166308782,
      0.8670855992551957,
      0.8717187183256098,
      0.8852884297598308,
      0.8847588056154028,
      0.8921643000818877,
      0.8832579157596484,
      0.8830674785477761,
      0.8865318967756689,
      0.8674130630161134,
      0.8751195118089482,
      0.8692009448677933,
      0.8777076340906336,
      0.8643477828891541,
      0.8893320142617439,
      0.8730666149767774,
      0.8840862196231791,
      0.8738453231375238,
      0.8934795479391552,
      0.884744863625416,
      0.8824099156943308,
      0.8915509106995121,
      0.8897116650537453,
      0.8978386132983054,
      0.8862763394466426,
      0.8823341526273352,
      0.8834819105530576,
      0.8885205832798354,
      0.8858789529396708,
      0.8858800236447889,
      0.8862358235113506,
      0.8989208688263519,
      0.9045908975296271,
      0.8896388887623201,
      0.8898825417865863
    ],
    "round_times": [
      52.310006618499756,
      54.293609857559204,
      53.05166506767273,
      52.51675581932068,
      53.14318084716797,
      52.27038812637329,
      52.501237869262695,
      51.643091678619385,
      51.14472579956055,
      52.24500870704651,
      60.19452142715454,
      53.822750091552734,
      54.37471318244934,
      54.104012966156006,
      54.20711016654968,
      54.04138970375061,
      53.90644645690918,
      55.38022327423096,
      55.695579528808594,
      56.13506579399109,
      63.42582893371582,
      58.27268600463867,
      57.746092081069946,
      57.3113374710083,
      58.21428155899048,
      56.84909129142761,
      57.24304509162903,
      60.00140357017517,
      59.965399742126465,
      59.21120738983154,
      62.214669704437256,
      55.877784729003906,
      54.66529130935669,
      55.611265420913696,
      55.45904231071472
    ],
    "metadata": {}
  }
}