{
  "FedAvg": {
    "algorithm": "FedAvg",
    "global_accs": [
      0.8259,
      0.9584,
      0.9613,
      0.9625,
      0.9606,
      0.949,
      0.9547,
      0.951,
      0.956,
      0.9531,
      0.9492,
      0.9572,
      0.9545,
      0.955,
      0.9545,
      0.9542,
      0.9497,
      0.9555,
      0.9597,
      0.9546,
      0.9549,
      0.9611,
      0.9581,
      0.9561,
      0.9543,
      0.9574,
      0.9571,
      0.961,
      0.9615,
      0.9593,
      0.9618,
      0.9642,
      0.964,
      0.9595,
      0.9625,
      0.9612,
      0.9652,
      0.9607,
      0.9672,
      0.9577,
      0.965,
      0.9601,
      0.9545,
      0.9587,
      0.9611,
      0.9587,
      0.9556,
      0.9568,
      0.9619,
      0.9579
    ],
    "avg_client_accs": [
      0.8430228998394658,
      0.9605163990566336,
      0.9661553199907191,
      0.9674481058532965,
      0.9659178325413702,
      0.9502464641692445,
      0.956490483103058,
      0.9519260844696303,
      0.9578672947283573,
      0.9553208409641936,
      0.9517503624365702,
      0.9610783218023737,
      0.9587285879505225,
      0.9588439735031347,
      0.9581002628851211,
      0.9578000318707138,
      0.9535785532639405,
      0.9607602169694095,
      0.9660634299196597,
      0.958798811853991,
      0.959799070537907,
      0.9669571340134991,
      0.9632860018538911,
      0.9612367628399815,
      0.9601918798921426,
      0.9632312226878122,
      0.9642957194139209,
      0.9691271830397119,
      0.9674641058234444,
      0.9650255227432043,
      0.9657164656378425,
      0.9684893335677456,
      0.9688314820747769,
      0.9657355039719855,
      0.9697212372922172,
      0.9683474587760008,
      0.9688676796580881,
      0.9688358901501074,
      0.9718952108970533,
      0.9653975053449363,
      0.9708027262446608,
      0.967364194154358,
      0.9625751088409119,
      0.9654300318871906,
      0.968629166127616,
      0.9635681355754846,
      0.9626356686175642,
      0.9633910068098773,
      0.9689713285914108,
      0.9633681401546725
    ],
    "round_times": [
      61.74425911903381,
      61.33052444458008,
      61.97210168838501,
      60.40350294113159,
      61.47323966026306,
      62.199363470077515,
      63.06950545310974,
      61.30608510971069,
      60.69316220283508,
      61.75378203392029,
      61.282864809036255,
      61.53932237625122,
      61.340917110443115,
      62.092564821243286,
      61.0062530040741,
      62.34277367591858,
      60.113027572631836,
      61.024850368499756,
      62.60885500907898,
      64.1168622970581,
      70.64077877998352,
      73.7546923160553,
      65.5409483909607,
      66.05496120452881,
      67.69854640960693,
      66.5659806728363,
      67.66741061210632,
      64.25615382194519,
      68.26335215568542,
      64.3923978805542,
      63.417394161224365,
      62.90755891799927,
      63.925750970840454,
      61.766952991485596,
      63.93608355522156,
      63.38800525665283,
      64.31858563423157,
      64.33108186721802,
      63.362436294555664,
      65.61738133430481,
      65.42273139953613,
      63.918572187423706,
      64.88295197486877,
      63.91750359535217,
      61.4355902671814,
      62.86180663108826,
      60.82558798789978,
      62.50596332550049,
      60.9633469581604,
      60.97317886352539
    ],
    "metadata": {}
  },
  "HedonicMFG": {
    "algorithm": "HedonicMFG",
    "global_accs": [
      0.9569,
      0.9577,
      0.959,
      0.955,
      0.9583,
      0.9591,
      0.9567,
      0.9544,
      0.9523,
      0.9534,
      0.9513,
      0.9538,
      0.9531,
      0.9529,
      0.9507,
      0.9526,
      0.9507,
      0.9478,
      0.9529,
      0.9546,
      0.9518,
      0.9534,
      0.9506,
      0.9537,
      0.9512,
      0.9498,
      0.949,
      0.9507,
      0.9484,
      0.9483,
      0.9538,
      0.9507,
      0.9505,
      0.9523,
      0.9525
    ],
    "avg_client_accs": [
      0.965485737746218,
      0.9625709354935056,
      0.96035104687399,
      0.9551308284568538,
      0.9581505134713796,
      0.9558724661871949,
      0.9536256126300765,
      0.9541812645752733,
      0.9517554663199295,
      0.951660672753278,
      0.9457336889466073,
      0.9525160436446811,
      0.9518958135078011,
      0.9495657384031861,
      0.9497636610562135,
      0.9495843019067264,
      0.9497139566668888,
      0.9459319210708929,
      0.9479311039033826,
      0.9555634363586872,
      0.9524016309235215,
      0.953994817921266,
      0.9492124683552572,
      0.951135286802719,
      0.9507934275256933,
      0.9479822736141209,
      0.9497770965372732,
      0.9439871918082681,
      0.94456967641093,
      0.9433060956251291,
      0.9485888592591047,
      0.947300976183463,
      0.948662293895886,
      0.9518490210225752,
      0.951071294028963
    ],
    "round_times": [
      90.0417640209198,
      88.0858051776886,
      90.02763175964355,
      89.15176796913147,
      90.08549046516418,
      88.6626923084259,
      89.62394833564758,
      89.89709782600403,
      89.55211210250854,
      90.76212120056152,
      91.05363011360168,
      90.33332657814026,
      92.3419816493988,
      92.71999311447144,
      91.90745997428894,
      93.15610837936401,
      94.90428590774536,
      92.63659048080444,
      96.08141756057739,
      93.65266180038452,
      96.43371415138245,
      92.38337588310242,
      90.83395338058472,
      90.84148144721985,
      91.47728705406189,
      88.95722889900208,
      88.67081069946289,
      90.95572996139526,
      90.24375557899475,
      89.060218334198,
      91.97797465324402,
      89.59796857833862,
      90.17176747322083,
      90.71800589561462,
      89.25901126861572
    ],
    "metadata": {}
  }
}