{
  "FedAvg": {
    "algorithm": "FedAvg",
    "global_accs": [
      0.641,
      0.7378,
      0.7624,
      0.7863,
      0.7985,
      0.8111,
      0.8223,
      0.83,
      0.8389,
      0.8417,
      0.8482,
      0.8521,
      0.8553,
      0.8586,
      0.8606,
      0.8636,
      0.8662,
      0.8677,
      0.8695,
      0.8722,
      0.8731,
      0.875,
      0.8769,
      0.8776,
      0.8801,
      0.8801,
      0.8819,
      0.8831,
      0.8838,
      0.8842,
      0.8853,
      0.8856,
      0.8871,
      0.8879,
      0.8888,
      0.8891,
      0.8893,
      0.8896,
      0.8905,
      0.8902,
      0.8922,
      0.8933,
      0.8942,
      0.8949,
      0.8948,
      0.8944,
      0.8953,
      0.8955,
      0.897,
      0.8955
    ],
    "avg_client_accs": [
      0.6641878072092282,
      0.7582165843725119,
      0.7802244641520769,
      0.8063340334277228,
      0.8190698102033451,
      0.8272297642074589,
      0.8372492755811892,
      0.8448766308457347,
      0.8496768440626713,
      0.854783983244932,
      0.8575126259284822,
      0.8619229135933496,
      0.8659966313438712,
      0.8693275633849898,
      0.869470585294666,
      0.8706304005846677,
      0.8754405282930391,
      0.8773921532651509,
      0.881041622375875,
      0.8795394616715303,
      0.8801750480036507,
      0.8819073929935127,
      0.886955347290232,
      0.8874862983432384,
      0.8890913070845595,
      0.8910063257579957,
      0.8921750945649844,
      0.8924059064086348,
      0.8934830978911418,
      0.8939457150334466,
      0.8964464341668886,
      0.896597878630167,
      0.8981424610093791,
      0.8971261754289095,
      0.8978916505497555,
      0.9002622999468427,
      0.9032910816693223,
      0.8997933271786204,
      0.9047998664309361,
      0.9037326976142983,
      0.9028855021042503,
      0.9066054736551825,
      0.9061487683454859,
      0.9061424942055416,
      0.9048966300692486,
      0.9080005997894105,
      0.9074701074971893,
      0.9073572665797422,
      0.9103906324670948,
      0.9070349426805147
    ],
    "round_times": [
      31.262028455734253,
      32.55591630935669,
      32.83522582054138,
      31.958796977996826,
      32.02894425392151,
      32.53973388671875,
      32.94676995277405,
      32.4139838218689,
      32.49373984336853,
      32.515615940093994,
      31.877375841140747,
      32.49051260948181,
      32.1658034324646,
      31.593706846237183,
      31.643290996551514,
      31.319988250732422,
      31.82900857925415,
      31.70082926750183,
      32.424763202667236,
      31.780152559280396,
      32.11410403251648,
      32.08921527862549,
      31.99721598625183,
      32.181528091430664,
      31.56321954727173,
      31.128104209899902,
      31.76224994659424,
      31.45295739173889,
      31.324159383773804,
      31.904995918273926,
      31.85894799232483,
      32.04854369163513,
      32.00429844856262,
      33.69109630584717,
      31.749097108840942,
      31.693336486816406,
      32.10799288749695,
      32.315033197402954,
      31.69224214553833,
      31.792607069015503,
      31.91410517692566,
      31.780569314956665,
      32.412357568740845,
      31.808025360107422,
      31.65352439880371,
      31.962214708328247,
      32.00960683822632,
      31.909077644348145,
      31.589099168777466,
      32.81057572364807
    ],
    "metadata": {}
  },
  "HedonicMFG": {
    "algorithm": "HedonicMFG",
    "global_accs": [
      0.8627,
      0.8649,
      0.866,
      0.8696,
      0.8717,
      0.874,
      0.875,
      0.8761,
      0.8768,
      0.8793,
      0.8796,
      0.8796,
      0.8814,
      0.8829,
      0.8833,
      0.8833,
      0.8833,
      0.8845,
      0.8872,
      0.8868,
      0.8867,
      0.8874,
      0.8878,
      0.8892,
      0.8901,
      0.8911,
      0.8916,
      0.8913,
      0.8909,
      0.8922,
      0.8932,
      0.8936,
      0.8925,
      0.8941,
      0.8948
    ],
    "avg_client_accs": [
      0.8675332486908183,
      0.8900503408689238,
      0.8940570504953962,
      0.8980021626672403,
      0.8953058531794887,
      0.8961933361763634,
      0.9001231438822381,
      0.8975789839016388,
      0.8977472337973526,
      0.8987105000584055,
      0.9000587882387121,
      0.8986296108858012,
      0.9021046784886797,
      0.8989613480905462,
      0.8978419297844663,
      0.8962608210795195,
      0.8993493565334619,
      0.9044199027340463,
      0.9003981525995675,
      0.9061782887934239,
      0.9026607983709626,
      0.9068013663862707,
      0.9004755235324865,
      0.9049642256717473,
      0.9013684277692559,
      0.9026517846207656,
      0.9036668716064634,
      0.9058440626633267,
      0.9037688640034182,
      0.905079935941538,
      0.9058566162345952,
      0.9065323791906137,
      0.9047529910925614,
      0.9066772629243902,
      0.9047837579346034
    ],
    "round_times": [
      51.130045652389526,
      50.9341459274292,
      51.52699041366577,
      51.12012052536011,
      50.37263202667236,
      50.72493934631348,
      53.405051469802856,
      50.86232376098633,
      50.7741162776947,
      50.883607625961304,
      58.929784059524536,
      54.51858186721802,
      54.842536211013794,
      55.06528353691101,
      56.17127203941345,
      54.72821092605591,
      55.616878271102905,
      56.07468056678772,
      54.40454697608948,
      53.74754762649536,
      61.40509343147278,
      55.6796338558197,
      55.256855964660645,
      56.98307704925537,
      55.27456450462341,
      55.44930672645569,
      56.11791634559631,
      55.497013092041016,
      55.55089712142944,
      56.17672419548035,
      61.31446695327759,
      56.607378005981445,
      57.07368445396423,
      55.2822322845459,
      55.744160413742065
    ],
    "metadata": {}
  }
}