{
  "FedAvg": {
    "algorithm": "FedAvg",
    "global_accs": [
      0.2194,
      0.7614,
      0.887,
      0.8565,
      0.9226,
      0.9363,
      0.9333,
      0.951,
      0.9501,
      0.9574,
      0.9603,
      0.9612,
      0.9644,
      0.9639,
      0.9677,
      0.9677,
      0.9649,
      0.9697,
      0.9701,
      0.9698,
      0.972,
      0.9732,
      0.9733,
      0.9714,
      0.976,
      0.9749,
      0.9765,
      0.972,
      0.9744,
      0.9712,
      0.9743,
      0.9727,
      0.9711,
      0.972,
      0.972,
      0.9704,
      0.972,
      0.972,
      0.9709,
      0.9695,
      0.9637,
      0.9657,
      0.9637,
      0.9552,
      0.9504,
      0.9523,
      0.9462,
      0.9452,
      0.9367,
      0.9298
    ],
    "avg_client_accs": [
      0.12089425001169314,
      0.7099820539283266,
      0.8507283096789386,
      0.8167124898744056,
      0.885814488688929,
      0.9098309062922263,
      0.8966675319048283,
      0.9336640999157643,
      0.9137059330619948,
      0.9398711759521315,
      0.9387743339463077,
      0.9417209751774653,
      0.9444724131486721,
      0.9442362406120779,
      0.9465435864561174,
      0.9466362700393626,
      0.9455209754141031,
      0.9472475890480382,
      0.9470428874233248,
      0.9470890022983912,
      0.9505896337414041,
      0.9517183369398667,
      0.9505368228498712,
      0.9470543300429736,
      0.9523891196488588,
      0.9532222392786259,
      0.9539868320122901,
      0.9498836329636733,
      0.953419422199328,
      0.9500709740165402,
      0.9538420386825273,
      0.9513611882844,
      0.9510029595941975,
      0.9764120071281848,
      0.9497822512086074,
      0.9486171898983319,
      0.9771091726246428,
      0.9518915019497411,
      0.9757599219469218,
      0.9738095655201102,
      0.967358620746124,
      0.9479865325602228,
      0.9465652454747125,
      0.9652706521164511,
      0.9354212215974439,
      0.9648339173693508,
      0.9585642604429225,
      0.9544843478932448,
      0.9509973931615375,
      0.9450380358618036
    ],
    "round_times": [
      69.6643967628479,
      65.67723798751831,
      65.89635968208313,
      68.9756772518158,
      64.94238257408142,
      65.21985459327698,
      66.75124073028564,
      65.39638113975525,
      65.70978045463562,
      66.5341477394104,
      66.69107937812805,
      65.53239965438843,
      65.32681012153625,
      65.49466252326965,
      65.64203023910522,
      68.75291752815247,
      65.477285861969,
      70.01724100112915,
      66.18331909179688,
      67.95897221565247,
      66.40429544448853,
      69.46191811561584,
      64.85785722732544,
      66.45764470100403,
      66.99019289016724,
      65.7103819847107,
      66.16188073158264,
      65.87442111968994,
      68.7302393913269,
      66.65479135513306,
      66.35856580734253,
      66.4200086593628,
      65.82261157035828,
      69.59808611869812,
      66.99120235443115,
      66.94662809371948,
      66.13345217704773,
      66.36569142341614,
      65.4229621887207,
      65.61047720909119,
      66.28369140625,
      66.19560217857361,
      68.50385737419128,
      65.98412895202637,
      67.97373819351196,
      67.59627604484558,
      65.91839003562927,
      69.17610454559326,
      65.53527879714966,
      71.12899327278137
    ],
    "metadata": {}
  },
  "HedonicMFG": {
    "algorithm": "HedonicMFG",
    "global_accs": [
      0.9672,
      0.969,
      0.9701,
      0.9702,
      0.9704,
      0.9704,
      0.9686,
      0.9705,
      0.9694,
      0.9677,
      0.9682,
      0.9687,
      0.9705,
      0.9671,
      0.9679,
      0.967,
      0.9641,
      0.9673,
      0.9634,
      0.9658,
      0.9606,
      0.9626,
      0.963,
      0.9611,
      0.962,
      0.9632,
      0.9568,
      0.9525,
      0.9539,
      0.9552,
      0.9523,
      0.9477,
      0.939,
      0.9339,
      0.931
    ],
    "avg_client_accs": [
      0.9923252318271049,
      0.989609471125045,
      0.9892874092426378,
      0.9907998489737624,
      0.9878564489678789,
      0.9894928606962669,
      0.9902500335225988,
      0.9852706634645265,
      0.990268473428689,
      0.9895600245170376,
      0.9894786170598845,
      0.9894206335606256,
      0.983592983127577,
      0.9581794210681075,
      0.98756766561338,
      0.989398883384897,
      0.9872956515905036,
      0.9855597396373144,
      0.9867178133044285,
      0.9863310746195486,
      0.9879455054946564,
      0.9868559949552737,
      0.9871973660016782,
      0.9868906188595566,
      0.9455772778686281,
      0.9681299431564231,
      0.9667478301299763,
      0.9637601686867928,
      0.9384338851306305,
      0.9373472702723497,
      0.9449996239134295,
      0.9405121046185483,
      0.9334580730726223,
      0.897185320837538,
      0.908412488405944
    ],
    "round_times": [
      96.670090675354,
      97.06795978546143,
      96.59114599227905,
      96.89521741867065,
      96.9937527179718,
      101.07251191139221,
      97.79120373725891,
      97.58840537071228,
      97.35144782066345,
      98.27199006080627,
      107.60082125663757,
      102.50877261161804,
      97.9518129825592,
      96.68929505348206,
      97.05647945404053,
      97.20979762077332,
      99.53603458404541,
      101.6856095790863,
      97.04717636108398,
      96.88318252563477,
      98.22282147407532,
      97.22262024879456,
      99.73836088180542,
      96.68491768836975,
      104.04319834709167,
      102.40568780899048,
      97.34417653083801,
      99.91717076301575,
      98.0637526512146,
      95.870037317276,
      98.73628258705139,
      96.7627182006836,
      97.5565574169159,
      96.60282731056213,
      98.23329782485962
    ],
    "metadata": {}
  }
}