{
  "FedAvg": {
    "algorithm": "FedAvg",
    "global_accs": [
      0.8259,
      0.9584,
      0.9613,
      0.9625,
      0.9606,
      0.949,
      0.9547,
      0.951,
      0.956,
      0.9531,
      0.9492,
      0.9572,
      0.9545,
      0.955,
      0.9545,
      0.9542,
      0.9497,
      0.9555,
      0.9597,
      0.9546,
      0.9549,
      0.9611,
      0.9581,
      0.9561,
      0.9543,
      0.9574,
      0.9571,
      0.961,
      0.9615,
      0.9593,
      0.9618,
      0.9642,
      0.964,
      0.9595,
      0.9625,
      0.9612,
      0.9652,
      0.9607,
      0.9672,
      0.9577,
      0.965,
      0.9601,
      0.9545,
      0.9587,
      0.9611,
      0.9587,
      0.9556,
      0.9568,
      0.9619,
      0.9579
    ],
    "avg_client_accs": [
      0.8430228998394658,
      0.9605163990566336,
      0.9661553199907191,
      0.9674481058532965,
      0.9659178325413702,
      0.9502464641692445,
      0.956490483103058,
      0.9519260844696303,
      0.9578672947283573,
      0.9553208409641936,
      0.9517503624365702,
      0.9610783218023737,
      0.9587285879505225,
      0.9588439735031347,
      0.9581002628851211,
      0.9578000318707138,
      0.9535785532639405,
      0.9607602169694095,
      0.9660634299196597,
      0.958798811853991,
      0.959799070537907,
      0.9669571340134991,
      0.9632860018538911,
      0.9612367628399815,
      0.9601918798921426,
      0.9632312226878122,
      0.9642957194139209,
      0.9691271830397119,
      0.9674641058234444,
      0.9650255227432043,
      0.9657164656378425,
      0.9684893335677456,
      0.9688314820747769,
      0.9657355039719855,
      0.9697212372922172,
      0.9683474587760008,
      0.9688676796580881,
      0.9688358901501074,
      0.9718952108970533,
      0.9653975053449363,
      0.9708027262446608,
      0.967364194154358,
      0.9625751088409119,
      0.9654300318871906,
      0.968629166127616,
      0.9635681355754846,
      0.9626356686175642,
      0.9633910068098773,
      0.9689713285914108,
      0.9633681401546725
    ],
    "round_times": [
      66.94177007675171,
      62.02660155296326,
      65.25555300712585,
      64.04243803024292,
      64.21505641937256,
      63.9811155796051,
      65.49060082435608,
      68.07611417770386,
      65.72276830673218,
      65.31813955307007,
      67.1646945476532,
      64.54910469055176,
      66.48755073547363,
      65.95494532585144,
      63.42663621902466,
      66.54691433906555,
      70.07057929039001,
      63.846365451812744,
      66.81549668312073,
      67.45808529853821,
      67.74262976646423,
      65.21192169189453,
      67.9967257976532,
      65.70606756210327,
      66.67722749710083,
      64.79255890846252,
      64.71535468101501,
      68.25709748268127,
      68.00841188430786,
      67.87646484375,
      71.41177296638489,
      68.61161756515503,
      64.2747015953064,
      64.0652527809143,
      66.5149405002594,
      65.79449510574341,
      64.99216890335083,
      67.40365481376648,
      66.7638292312622,
      66.12769985198975,
      68.52087569236755,
      65.75295734405518,
      65.25593972206116,
      66.48775935173035,
      64.17046856880188,
      67.69734621047974,
      62.910616397857666,
      64.51166248321533,
      65.87927460670471,
      59.971203565597534
    ],
    "metadata": {}
  },
  "HedonicMFG": {
    "algorithm": "HedonicMFG",
    "global_accs": [
      0.9582,
      0.9531,
      0.9559,
      0.9574,
      0.954,
      0.9593,
      0.9612,
      0.9554,
      0.9562,
      0.951,
      0.954,
      0.9495,
      0.9529,
      0.9546,
      0.9548,
      0.9517,
      0.9546,
      0.9514,
      0.9563,
      0.9559,
      0.9528,
      0.9546,
      0.9539,
      0.9514,
      0.9543,
      0.9519,
      0.9514,
      0.9541,
      0.9576,
      0.9503,
      0.9545,
      0.949,
      0.9508,
      0.9504,
      0.9535
    ],
    "avg_client_accs": [
      0.9645994714556727,
      0.9518942938070856,
      0.9561331208118764,
      0.9564623435159353,
      0.9579729083778139,
      0.95892198019595,
      0.9628252081122314,
      0.9558789502328773,
      0.9614380066190863,
      0.9548148729710875,
      0.953493197683261,
      0.9556575457775709,
      0.9570268598226745,
      0.9556032377045623,
      0.9517757293394924,
      0.9512095353191239,
      0.9524500903986681,
      0.9471483477033408,
      0.9597937815121205,
      0.9534373469204654,
      0.9512486016578613,
      0.9517702191012317,
      0.9562749262024521,
      0.9540170197466201,
      0.9526752986673056,
      0.948617472804471,
      0.9511685839690512,
      0.9508613872231495,
      0.953063795980281,
      0.9481998936311135,
      0.9530950619908631,
      0.9476186053404321,
      0.9522630341594809,
      0.9502764037718148,
      0.9508732177848687
    ],
    "round_times": [
      87.36007714271545,
      92.66411066055298,
      91.04464387893677,
      94.54778957366943,
      95.96564388275146,
      91.7418007850647,
      91.2644579410553,
      89.71103882789612,
      94.22912335395813,
      91.46253037452698,
      95.77061748504639,
      94.33528423309326,
      88.3974437713623,
      88.6569676399231,
      87.97018122673035,
      96.17341899871826,
      95.51961302757263,
      94.47359585762024,
      96.54670286178589,
      87.24193215370178,
      88.64513349533081,
      94.10298705101013,
      93.52120518684387,
      95.05335140228271,
      92.47416353225708,
      88.1592915058136,
      90.93798494338989,
      90.66165280342102,
      98.21579885482788,
      93.53233075141907,
      98.10766386985779,
      93.2818853855133,
      87.81023216247559,
      88.59415054321289,
      92.19314932823181
    ],
    "metadata": {}
  }
}