{
  "FedAvg": {
    "algorithm": "FedAvg",
    "global_accs": [
      0.8853,
      0.9732,
      0.9777,
      0.9797,
      0.981,
      0.9826,
      0.9829,
      0.9844,
      0.9837,
      0.9855,
      0.9846,
      0.9844,
      0.9862,
      0.9843,
      0.9861,
      0.9866,
      0.9853,
      0.9855,
      0.9843,
      0.9854,
      0.9849,
      0.9842,
      0.9855,
      0.9853,
      0.9855,
      0.9855,
      0.9852,
      0.9836,
      0.9845,
      0.9838,
      0.9842,
      0.9848,
      0.9851,
      0.9848,
      0.9844,
      0.9841,
      0.9857,
      0.9844,
      0.9858,
      0.9844,
      0.9835,
      0.9823,
      0.9824,
      0.9833,
      0.9821,
      0.9816,
      0.9827,
      0.9816,
      0.9819,
      0.98
    ],
    "avg_client_accs": [
      0.8768762648068364,
      0.97045494900822,
      0.9742078773853263,
      0.9771058341929135,
      0.9792631710072769,
      0.9805693621550858,
      0.9808280377162882,
      0.9816133106495112,
      0.9806738167143305,
      0.9809689341365784,
      0.9804877081880686,
      0.9807745106369523,
      0.9822565594548675,
      0.9795001885607896,
      0.9813890228431627,
      0.9828758402702228,
      0.9807096630925228,
      0.982370251327995,
      0.9799880230014381,
      0.9808904060176193,
      0.9809271695065835,
      0.9790724594210474,
      0.9816326694081866,
      0.9816247361200862,
      0.9811489245783918,
      0.9817125780553632,
      0.9811883093041086,
      0.9784502670977024,
      0.9810514783654447,
      0.9797015857441531,
      0.9798239652187533,
      0.9810187835507336,
      0.9809537610710072,
      0.9808372132039718,
      0.9802334722997216,
      0.9807863177542258,
      0.983427683833361,
      0.9795455444829534,
      0.9812586751520591,
      0.9806057664636946,
      0.9805082762522996,
      0.97952398042592,
      0.9793380579276866,
      0.980545963442261,
      0.9791861680458531,
      0.9789667268503676,
      0.9798052744472928,
      0.9783247605073475,
      0.9794283237439169,
      0.977911581551265
    ],
    "round_times": [
      65.95833230018616,
      66.17573761940002,
      68.484534740448,
      65.21471953392029,
      64.81501054763794,
      65.54920244216919,
      68.59677386283875,
      66.06955051422119,
      68.97384333610535,
      66.73992896080017,
      64.90450644493103,
      67.66727828979492,
      65.1632924079895,
      65.67840504646301,
      66.01005864143372,
      65.25591683387756,
      65.34841251373291,
      65.5282232761383,
      65.3600115776062,
      65.5130615234375,
      66.94075274467468,
      65.98198461532593,
      66.34932684898376,
      67.94079661369324,
      72.45224237442017,
      66.5353217124939,
      66.28160119056702,
      66.49873423576355,
      66.67612791061401,
      67.0282416343689,
      66.04206991195679,
      66.08309531211853,
      66.21432685852051,
      67.11537790298462,
      66.86090850830078,
      65.40898776054382,
      66.0442054271698,
      65.75843715667725,
      66.16964912414551,
      65.59383654594421,
      65.49200558662415,
      66.87390279769897,
      66.5560986995697,
      65.4411153793335,
      65.6394145488739,
      65.50826621055603,
      65.97030091285706,
      65.79757332801819,
      65.14813208580017,
      65.37827277183533
    ],
    "metadata": {}
  },
  "HedonicMFG": {
    "algorithm": "HedonicMFG",
    "global_accs": [
      0.9832,
      0.9847,
      0.9828,
      0.9836,
      0.9849,
      0.9842,
      0.9853,
      0.9837,
      0.9844,
      0.9835,
      0.9844,
      0.9842,
      0.9836,
      0.983,
      0.9837,
      0.9842,
      0.9841,
      0.9824,
      0.9828,
      0.9815,
      0.982,
      0.9825,
      0.982,
      0.982,
      0.9825,
      0.9821,
      0.9805,
      0.9821,
      0.9814,
      0.9825,
      0.9821,
      0.9798,
      0.9827,
      0.981,
      0.9808
    ],
    "avg_client_accs": [
      0.976579051471437,
      0.980435980797979,
      0.9778222455327701,
      0.9795970377706029,
      0.9781127500875272,
      0.9779921969494552,
      0.9797368511606874,
      0.9765363769684962,
      0.9768971696015495,
      0.9769487901794779,
      0.9785992082596904,
      0.97853246515128,
      0.9752502270896315,
      0.9775828404271435,
      0.9767790673659542,
      0.9787823595870473,
      0.9803657924722646,
      0.9778611571095188,
      0.9759154113559539,
      0.975121949456655,
      0.9760627527022893,
      0.9765808515941717,
      0.9762528544838587,
      0.9752493683000237,
      0.973590100592479,
      0.9759987914569077,
      0.9727033595720582,
      0.9750763882287872,
      0.976162723776263,
      0.9783472318025457,
      0.9765019814793476,
      0.9746236400865813,
      0.9763034115312879,
      0.9743668054071224,
      0.9738931423761844
    ],
    "round_times": [
      98.14475178718567,
      97.78957176208496,
      98.65784740447998,
      96.43220663070679,
      96.78386425971985,
      98.09845542907715,
      95.98431181907654,
      100.50778841972351,
      96.67134714126587,
      96.4338173866272,
      97.98254036903381,
      97.46178483963013,
      100.42406511306763,
      97.05628561973572,
      97.13975119590759,
      97.4665117263794,
      98.98797249794006,
      96.57177805900574,
      100.33140635490417,
      96.56679487228394,
      97.85839056968689,
      97.63819193840027,
      97.16065454483032,
      96.5764570236206,
      97.76428151130676,
      99.46201419830322,
      100.72200083732605,
      96.74881172180176,
      96.74496817588806,
      97.75421929359436,
      98.70244979858398,
      97.66286063194275,
      96.65536832809448,
      96.65188026428223,
      98.42501664161682
    ],
    "metadata": {}
  }
}