{
  "FedAvg": {
    "algorithm": "FedAvg",
    "global_accs": [
      0.5749,
      0.7138,
      0.739,
      0.7699,
      0.786,
      0.7978,
      0.8107,
      0.8196,
      0.8288,
      0.8357,
      0.8405,
      0.8461,
      0.8494,
      0.8532,
      0.854,
      0.8585,
      0.8585,
      0.8617,
      0.8645,
      0.8664,
      0.8655,
      0.8688,
      0.8696,
      0.8714,
      0.8734,
      0.8729,
      0.8742,
      0.8755,
      0.877,
      0.8784,
      0.878,
      0.879,
      0.8789,
      0.88,
      0.8811,
      0.8829,
      0.8825,
      0.8829,
      0.8837,
      0.8846,
      0.8858,
      0.8846,
      0.8873,
      0.8872,
      0.8886,
      0.8887,
      0.889,
      0.8889,
      0.8901,
      0.8891
    ],
    "avg_client_accs": [
      0.5851244880249273,
      0.721178125327578,
      0.7484921031839538,
      0.7725058173026434,
      0.7870318885162207,
      0.8027361349182863,
      0.8154154949240697,
      0.8195991471205245,
      0.8319407690081281,
      0.8387059586917592,
      0.8451438822243336,
      0.8458211315920577,
      0.8503516737325209,
      0.8530799940106484,
      0.8583636677529002,
      0.8590218997196146,
      0.8620824042600951,
      0.8659499981624844,
      0.8656086350114134,
      0.8678001819290048,
      0.8677572177870327,
      0.8733982189021434,
      0.8724512218462722,
      0.8745344300118131,
      0.8745028190623007,
      0.8786402571546692,
      0.8777331296097397,
      0.8762521254816369,
      0.8784376559840282,
      0.8824607335788066,
      0.8801077573165845,
      0.8830454431394529,
      0.8822693074627713,
      0.8832127662452132,
      0.8865990665022364,
      0.886283895605869,
      0.8880812932213871,
      0.888009919126026,
      0.8859569774040974,
      0.8882408469349355,
      0.8865908045732421,
      0.8875302805008431,
      0.8890848859969047,
      0.8903763333347617,
      0.8894356994220424,
      0.8916206991456102,
      0.8889846348552135,
      0.8913275200324751,
      0.8923962527047449,
      0.8928081456758516
    ],
    "round_times": [
      32.32105588912964,
      33.106425285339355,
      34.132453203201294,
      33.48832726478577,
      33.26306748390198,
      32.91344141960144,
      33.41258716583252,
      33.258156538009644,
      33.911577463150024,
      33.69648861885071,
      33.36900067329407,
      34.68268799781799,
      34.36410450935364,
      33.33892560005188,
      34.12725329399109,
      33.27682876586914,
      33.62523651123047,
      33.507453203201294,
      33.27069306373596,
      32.257397174835205,
      32.77697491645813,
      32.346956968307495,
      32.30848407745361,
      32.515498876571655,
      32.52058982849121,
      31.840758323669434,
      32.336105823516846,
      32.301718950271606,
      32.00977087020874,
      32.512348651885986,
      32.920475006103516,
      33.22917342185974,
      33.50285005569458,
      32.40517210960388,
      32.9613881111145,
      32.30375075340271,
      34.11021018028259,
      34.2244508266449,
      35.52501893043518,
      33.667330503463745,
      32.70667839050293,
      34.11023759841919,
      33.3470184803009,
      32.873146295547485,
      32.123900413513184,
      32.30277681350708,
      32.4142382144928,
      32.14605259895325,
      32.46219563484192,
      34.82129693031311
    ],
    "metadata": {}
  },
  "HedonicMFG": {
    "algorithm": "HedonicMFG",
    "global_accs": [
      0.8584,
      0.8608,
      0.8614,
      0.8644,
      0.8653,
      0.8667,
      0.8677,
      0.8686,
      0.8708,
      0.8719,
      0.8723,
      0.8734,
      0.8752,
      0.8744,
      0.8762,
      0.8771,
      0.8781,
      0.8784,
      0.8786,
      0.8778,
      0.8799,
      0.8808,
      0.882,
      0.8837,
      0.8837,
      0.8825,
      0.8836,
      0.883,
      0.8833,
      0.8839,
      0.8855,
      0.8838,
      0.886,
      0.886,
      0.8853
    ],
    "avg_client_accs": [
      0.8944222901572194,
      0.9058771211958957,
      0.9052370582615499,
      0.9111893846032204,
      0.9092636239478431,
      0.9086403746208435,
      0.9148464126322171,
      0.9117947205159765,
      0.9080255203513314,
      0.9117061474576946,
      0.9075392188170314,
      0.9133633309559783,
      0.9077334984335634,
      0.9075553237002005,
      0.90669643404648,
      0.9104645532822208,
      0.9092048083866138,
      0.9113809055501987,
      0.907537878358332,
      0.9081624099301244,
      0.9093789613992186,
      0.9120492335922075,
      0.9108748656815967,
      0.9120594249824521,
      0.910717304282444,
      0.9078180088725853,
      0.9119482679384774,
      0.9105870930544615,
      0.9105567541664502,
      0.9094763871290429,
      0.9082679043640038,
      0.9108691606294255,
      0.9132905921245461,
      0.9107908026488246,
      0.9081283306916138
    ],
    "round_times": [
      52.004334449768066,
      52.869693756103516,
      54.18809986114502,
      53.03168487548828,
      54.00654458999634,
      54.76332330703735,
      52.781126976013184,
      53.47236776351929,
      53.00820207595825,
      53.493218421936035,
      64.98869371414185,
      56.223082065582275,
      55.348785161972046,
      55.866695404052734,
      58.23216795921326,
      60.00341296195984,
      57.9819700717926,
      57.306442975997925,
      56.10182046890259,
      57.49881458282471,
      63.533817529678345,
      57.82009506225586,
      57.6699697971344,
      60.010669469833374,
      61.245293617248535,
      61.665915966033936,
      59.318631410598755,
      60.16808080673218,
      60.779062032699585,
      61.65491533279419,
      64.81674599647522,
      57.712751150131226,
      59.42767930030823,
      56.911635398864746,
      57.10811495780945
    ],
    "metadata": {}
  }
}